,technique_ID,mitigation_ID,0.022929936305732482,0.024203821656050957,0.02802547770700637,0.033121019108280254,0.045859872611464965,0.04713375796178344,0.049681528662420385,0.05477707006369427,0.05605095541401274,0.05732484076433121,0.08025477707006369,0.12229299363057325,0.14394904458598726,0.23439490445859873
0,T1548,"['m1047', 'm1038', 'm1028', 'm1026', 'm1022', 'm1052']",0.0,0.0,0.0,0.0,0.0,0.0,0.0,0.0,0.0,0.0,0.0,0.12229299363057325,0.0,0.23439490445859873
1,T1548.002,"['m1047', 'm1026', 'm1051', 'm1052']",0.0,0.0,0.0,0.0,0.0,0.0,0.0,0.0,0.0,0.0,0.0,0.12229299363057325,0.0,0.23439490445859873
2,T1548.004,['m1038'],0.0,0.0,0.0,0.0,0.0,0.0,0.0,0.0,0.0,0.0,0.0,0.12229299363057325,0.0,0.23439490445859873
3,T1548.001,['m1028'],0.0,0.0,0.0,0.0,0.0,0.0,0.0,0.0,0.0,0.0,0.0,0.12229299363057325,0.0,0.23439490445859873
4,T1548.003,"['m1028', 'm1026', 'm1022']",0.0,0.0,0.0,0.0,0.0,0.0,0.0,0.0,0.0,0.0,0.0,0.12229299363057325,0.0,0.23439490445859873
5,T1134,"['m1026', 'm1018']",0.0,0.0,0.0,0.0,0.0,0.0,0.0,0.0,0.0,0.0,0.0,0.12229299363057325,0.0,0.23439490445859873
6,T1134.002,"['m1026', 'm1018']",0.0,0.0,0.0,0.0,0.0,0.0,0.0,0.0,0.0,0.0,0.0,0.12229299363057325,0.0,0.23439490445859873
7,T1134.003,"['m1026', 'm1018']",0.0,0.0,0.0,0.0,0.0,0.0,0.0,0.0,0.0,0.0,0.0,0.12229299363057325,0.0,0.23439490445859873
8,T1134.004,,0.0,0.0,0.0,0.0,0.0,0.0,0.0,0.0,0.0,0.0,0.0,0.12229299363057325,0.0,0.23439490445859873
9,T1134.005,['m1015'],0.0,0.0,0.0,0.0,0.0,0.0,0.0,0.0,0.0,0.0,0.0,0.12229299363057325,0.0,0.23439490445859873
10,T1134.001,"['m1026', 'm1018']",0.0,0.0,0.0,0.0,0.0,0.0,0.0,0.0,0.0,0.0,0.0,0.12229299363057325,0.0,0.23439490445859873
11,T1531,,0.0,0.0,0.0,0.033121019108280254,0.0,0.0,0.0,0.0,0.0,0.0,0.0,0.0,0.0,0.0
12,T1087,['m1028'],0.0,0.0,0.0,0.0,0.0,0.0,0.0,0.0,0.05605095541401274,0.0,0.0,0.0,0.0,0.0
13,T1087.004,"['m1047', 'm1018']",0.0,0.0,0.0,0.0,0.0,0.0,0.0,0.0,0.05605095541401274,0.0,0.0,0.0,0.0,0.0
14,T1087.002,['m1028'],0.0,0.0,0.0,0.0,0.0,0.0,0.0,0.0,0.05605095541401274,0.0,0.0,0.0,0.0,0.0
15,T1087.003,,0.0,0.0,0.0,0.0,0.0,0.0,0.0,0.0,0.05605095541401274,0.0,0.0,0.0,0.0,0.0
16,T1087.001,['m1028'],0.0,0.0,0.0,0.0,0.0,0.0,0.0,0.0,0.05605095541401274,0.0,0.0,0.0,0.0,0.0
17,T1098,"['m1032', 'm1030', 'm1028', 'm1026', 'm1018']",0.0,0.0,0.0,0.0,0.0,0.0,0.0,0.0,0.0,0.0,0.0,0.0,0.14394904458598726,0.0
18,T1098.001,"['m1032', 'm1030', 'm1026', 'm1018']",0.0,0.0,0.0,0.0,0.0,0.0,0.0,0.0,0.0,0.0,0.0,0.0,0.14394904458598726,0.0
19,T1098.003,"['m1032', 'm1026', 'm1018']",0.0,0.0,0.0,0.0,0.0,0.0,0.0,0.0,0.0,0.0,0.0,0.0,0.14394904458598726,0.0
20,T1098.002,"['m1042', 'm1032', 'm1026']",0.0,0.0,0.0,0.0,0.0,0.0,0.0,0.0,0.0,0.0,0.0,0.0,0.14394904458598726,0.0
21,T1098.005,['m1032'],0.0,0.0,0.0,0.0,0.0,0.0,0.0,0.0,0.0,0.0,0.0,0.0,0.14394904458598726,0.0
22,T1098.004,"['m1042', 'm1022', 'm1018']",0.0,0.0,0.0,0.0,0.0,0.0,0.0,0.0,0.0,0.0,0.0,0.0,0.14394904458598726,0.0
23,T1650,['m1056'],0.0,0.0,0.0,0.0,0.0,0.0,0.0,0.0,0.0,0.05732484076433121,0.0,0.0,0.0,0.0
24,T1583,['m1056'],0.0,0.0,0.0,0.0,0.0,0.0,0.0,0.0,0.0,0.05732484076433121,0.0,0.0,0.0,0.0
25,T1583.005,['m1056'],0.0,0.0,0.0,0.0,0.0,0.0,0.0,0.0,0.0,0.05732484076433121,0.0,0.0,0.0,0.0
26,T1583.002,['m1056'],0.0,0.0,0.0,0.0,0.0,0.0,0.0,0.0,0.0,0.05732484076433121,0.0,0.0,0.0,0.0
27,T1583.001,['m1056'],0.0,0.0,0.0,0.0,0.0,0.0,0.0,0.0,0.0,0.05732484076433121,0.0,0.0,0.0,0.0
28,T1583.008,['m1056'],0.0,0.0,0.0,0.0,0.0,0.0,0.0,0.0,0.0,0.05732484076433121,0.0,0.0,0.0,0.0
29,T1583.004,['m1056'],0.0,0.0,0.0,0.0,0.0,0.0,0.0,0.0,0.0,0.05732484076433121,0.0,0.0,0.0,0.0
30,T1583.007,['m1056'],0.0,0.0,0.0,0.0,0.0,0.0,0.0,0.0,0.0,0.05732484076433121,0.0,0.0,0.0,0.0
31,T1583.003,['m1056'],0.0,0.0,0.0,0.0,0.0,0.0,0.0,0.0,0.0,0.05732484076433121,0.0,0.0,0.0,0.0
32,T1583.006,['m1056'],0.0,0.0,0.0,0.0,0.0,0.0,0.0,0.0,0.0,0.05732484076433121,0.0,0.0,0.0,0.0
33,T1595,['m1056'],0.0,0.0,0.0,0.0,0.0,0.0,0.0,0.05477707006369427,0.0,0.0,0.0,0.0,0.0,0.0
34,T1595.001,['m1056'],0.0,0.0,0.0,0.0,0.0,0.0,0.0,0.05477707006369427,0.0,0.0,0.0,0.0,0.0,0.0
35,T1595.002,['m1056'],0.0,0.0,0.0,0.0,0.0,0.0,0.0,0.05477707006369427,0.0,0.0,0.0,0.0,0.0,0.0
36,T1595.003,"['m1042', 'm1056']",0.0,0.0,0.0,0.0,0.0,0.0,0.0,0.05477707006369427,0.0,0.0,0.0,0.0,0.0,0.0
37,T1557,"['m1042', 'm1041', 'm1037', 'm1035', 'm1031', 'm1030', 'm1017']",0.0,0.0,0.0,0.0,0.0,0.04713375796178344,0.0,0.0,0.0,0.0,0.08025477707006369,0.0,0.0,0.0
38,T1557.002,"['m1042', 'm1041', 'm1037', 'm1035', 'm1031', 'm1017']",0.0,0.0,0.0,0.0,0.0,0.04713375796178344,0.0,0.0,0.0,0.0,0.08025477707006369,0.0,0.0,0.0
39,T1557.003,"['m1037', 'm1031']",0.0,0.0,0.0,0.0,0.0,0.04713375796178344,0.0,0.0,0.0,0.0,0.08025477707006369,0.0,0.0,0.0
40,T1557.001,"['m1042', 'm1037', 'm1031', 'm1030']",0.0,0.0,0.0,0.0,0.0,0.04713375796178344,0.0,0.0,0.0,0.0,0.08025477707006369,0.0,0.0,0.0
41,T1071,['m1031'],0.0,0.0,0.0,0.0,0.0,0.0,0.049681528662420385,0.0,0.0,0.0,0.0,0.0,0.0,0.0
42,T1071.004,"['m1037', 'm1031']",0.0,0.0,0.0,0.0,0.0,0.0,0.049681528662420385,0.0,0.0,0.0,0.0,0.0,0.0,0.0
43,T1071.002,['m1031'],0.0,0.0,0.0,0.0,0.0,0.0,0.049681528662420385,0.0,0.0,0.0,0.0,0.0,0.0,0.0
44,T1071.003,['m1031'],0.0,0.0,0.0,0.0,0.0,0.0,0.049681528662420385,0.0,0.0,0.0,0.0,0.0,0.0,0.0
45,T1071.001,['m1031'],0.0,0.0,0.0,0.0,0.0,0.0,0.049681528662420385,0.0,0.0,0.0,0.0,0.0,0.0,0.0
46,T1010,,0.0,0.0,0.0,0.0,0.0,0.0,0.0,0.0,0.05605095541401274,0.0,0.0,0.0,0.0,0.0
47,T1560,['m1047'],0.0,0.0,0.0,0.0,0.0,0.04713375796178344,0.0,0.0,0.0,0.0,0.0,0.0,0.0,0.0
48,T1560.003,,0.0,0.0,0.0,0.0,0.0,0.04713375796178344,0.0,0.0,0.0,0.0,0.0,0.0,0.0,0.0
49,T1560.002,,0.0,0.0,0.0,0.0,0.0,0.04713375796178344,0.0,0.0,0.0,0.0,0.0,0.0,0.0,0.0
50,T1560.001,['m1047'],0.0,0.0,0.0,0.0,0.0,0.04713375796178344,0.0,0.0,0.0,0.0,0.0,0.0,0.0,0.0
51,T1123,,0.0,0.0,0.0,0.0,0.0,0.04713375796178344,0.0,0.0,0.0,0.0,0.0,0.0,0.0,0.0
52,T1119,"['m1041', 'm1029']",0.0,0.0,0.0,0.0,0.0,0.04713375796178344,0.0,0.0,0.0,0.0,0.0,0.0,0.0,0.0
53,T1020,,0.022929936305732482,0.0,0.0,0.0,0.0,0.0,0.0,0.0,0.0,0.0,0.0,0.0,0.0,0.0
54,T1020.001,"['m1041', 'm1018']",0.022929936305732482,0.0,0.0,0.0,0.0,0.0,0.0,0.0,0.0,0.0,0.0,0.0,0.0,0.0
55,T1197,"['m1037', 'm1028', 'm1018']",0.0,0.0,0.0,0.0,0.0,0.0,0.0,0.0,0.0,0.0,0.0,0.0,0.14394904458598726,0.23439490445859873
56,T1547,,0.0,0.0,0.0,0.0,0.0,0.0,0.0,0.0,0.0,0.0,0.0,0.12229299363057325,0.14394904458598726,0.0
57,T1547.014,,0.0,0.0,0.0,0.0,0.0,0.0,0.0,0.0,0.0,0.0,0.0,0.12229299363057325,0.14394904458598726,0.0
58,T1547.002,['m1025'],0.0,0.0,0.0,0.0,0.0,0.0,0.0,0.0,0.0,0.0,0.0,0.12229299363057325,0.14394904458598726,0.0
59,T1547.006,"['m1049', 'm1038', 'm1026', 'm1018']",0.0,0.0,0.0,0.0,0.0,0.0,0.0,0.0,0.0,0.0,0.0,0.12229299363057325,0.14394904458598726,0.0
60,T1547.008,"['m1043', 'm1025', 'm1044']",0.0,0.0,0.0,0.0,0.0,0.0,0.0,0.0,0.0,0.0,0.0,0.12229299363057325,0.14394904458598726,0.0
61,T1547.015,,0.0,0.0,0.0,0.0,0.0,0.0,0.0,0.0,0.0,0.0,0.0,0.12229299363057325,0.14394904458598726,0.0
62,T1547.010,,0.0,0.0,0.0,0.0,0.0,0.0,0.0,0.0,0.0,0.0,0.0,0.12229299363057325,0.14394904458598726,0.0
63,T1547.012,['m1018'],0.0,0.0,0.0,0.0,0.0,0.0,0.0,0.0,0.0,0.0,0.0,0.12229299363057325,0.14394904458598726,0.0
64,T1547.007,"['m1042', 'm1017']",0.0,0.0,0.0,0.0,0.0,0.0,0.0,0.0,0.0,0.0,0.0,0.12229299363057325,0.14394904458598726,0.0
65,T1547.001,,0.0,0.0,0.0,0.0,0.0,0.0,0.0,0.0,0.0,0.0,0.0,0.12229299363057325,0.14394904458598726,0.0
66,T1547.005,['m1025'],0.0,0.0,0.0,0.0,0.0,0.0,0.0,0.0,0.0,0.0,0.0,0.12229299363057325,0.14394904458598726,0.0
67,T1547.009,['m1018'],0.0,0.0,0.0,0.0,0.0,0.0,0.0,0.0,0.0,0.0,0.0,0.12229299363057325,0.14394904458598726,0.0
68,T1547.003,"['m1022', 'm1024']",0.0,0.0,0.0,0.0,0.0,0.0,0.0,0.0,0.0,0.0,0.0,0.12229299363057325,0.14394904458598726,0.0
69,T1547.004,"['m1038', 'm1018']",0.0,0.0,0.0,0.0,0.0,0.0,0.0,0.0,0.0,0.0,0.0,0.12229299363057325,0.14394904458598726,0.0
70,T1547.013,"['m1033', 'm1022', 'm1018']",0.0,0.0,0.0,0.0,0.0,0.0,0.0,0.0,0.0,0.0,0.0,0.12229299363057325,0.14394904458598726,0.0
71,T1037,"['m1022', 'm1024']",0.0,0.0,0.0,0.0,0.0,0.0,0.0,0.0,0.0,0.0,0.0,0.12229299363057325,0.14394904458598726,0.0
72,T1037.002,['m1022'],0.0,0.0,0.0,0.0,0.0,0.0,0.0,0.0,0.0,0.0,0.0,0.12229299363057325,0.14394904458598726,0.0
73,T1037.001,['m1024'],0.0,0.0,0.0,0.0,0.0,0.0,0.0,0.0,0.0,0.0,0.0,0.12229299363057325,0.14394904458598726,0.0
74,T1037.003,['m1022'],0.0,0.0,0.0,0.0,0.0,0.0,0.0,0.0,0.0,0.0,0.0,0.12229299363057325,0.14394904458598726,0.0
75,T1037.004,['m1022'],0.0,0.0,0.0,0.0,0.0,0.0,0.0,0.0,0.0,0.0,0.0,0.12229299363057325,0.14394904458598726,0.0
76,T1037.005,['m1022'],0.0,0.0,0.0,0.0,0.0,0.0,0.0,0.0,0.0,0.0,0.0,0.12229299363057325,0.14394904458598726,0.0
77,T1176,"['m1047', 'm1038', 'm1033', 'm1051', 'm1017']",0.0,0.0,0.0,0.0,0.0,0.0,0.0,0.0,0.0,0.0,0.0,0.0,0.14394904458598726,0.0
78,T1217,,0.0,0.0,0.0,0.0,0.0,0.0,0.0,0.0,0.05605095541401274,0.0,0.0,0.0,0.0,0.0
79,T1185,"['m1018', 'm1017']",0.0,0.0,0.0,0.0,0.0,0.04713375796178344,0.0,0.0,0.0,0.0,0.0,0.0,0.0,0.0
80,T1110,"['m1036', 'm1032', 'm1027', 'm1018']",0.0,0.0,0.0,0.0,0.0,0.0,0.0,0.0,0.0,0.0,0.08025477707006369,0.0,0.0,0.0
81,T1110.004,"['m1036', 'm1032', 'm1027', 'm1018']",0.0,0.0,0.0,0.0,0.0,0.0,0.0,0.0,0.0,0.0,0.08025477707006369,0.0,0.0,0.0
82,T1110.002,"['m1032', 'm1027']",0.0,0.0,0.0,0.0,0.0,0.0,0.0,0.0,0.0,0.0,0.08025477707006369,0.0,0.0,0.0
83,T1110.001,"['m1036', 'm1032', 'm1027', 'm1051']",0.0,0.0,0.0,0.0,0.0,0.0,0.0,0.0,0.0,0.0,0.08025477707006369,0.0,0.0,0.0
84,T1110.003,"['m1036', 'm1032', 'm1027']",0.0,0.0,0.0,0.0,0.0,0.0,0.0,0.0,0.0,0.0,0.08025477707006369,0.0,0.0,0.0
85,T1612,"['m1047', 'm1035', 'm1030', 'm1026']",0.0,0.0,0.0,0.0,0.0,0.0,0.0,0.0,0.0,0.0,0.0,0.0,0.0,0.23439490445859873
86,T1115,,0.0,0.0,0.0,0.0,0.0,0.04713375796178344,0.0,0.0,0.0,0.0,0.0,0.0,0.0,0.0
87,T1651,['m1026'],0.0,0.0,0.0,0.0,0.045859872611464965,0.0,0.0,0.0,0.0,0.0,0.0,0.0,0.0,0.0
88,T1580,['m1018'],0.0,0.0,0.0,0.0,0.0,0.0,0.0,0.0,0.05605095541401274,0.0,0.0,0.0,0.0,0.0
89,T1538,['m1018'],0.0,0.0,0.0,0.0,0.0,0.0,0.0,0.0,0.05605095541401274,0.0,0.0,0.0,0.0,0.0
90,T1526,,0.0,0.0,0.0,0.0,0.0,0.0,0.0,0.0,0.05605095541401274,0.0,0.0,0.0,0.0,0.0
91,T1619,['m1018'],0.0,0.0,0.0,0.0,0.0,0.0,0.0,0.0,0.05605095541401274,0.0,0.0,0.0,0.0,0.0
92,T1059,"['m1049', 'm1040', 'm1045', 'm1042', 'm1038', 'm1026', 'm1021']",0.0,0.0,0.0,0.0,0.045859872611464965,0.0,0.0,0.0,0.0,0.0,0.0,0.0,0.0,0.0
93,T1059.002,"['m1045', 'm1038']",0.0,0.0,0.0,0.0,0.045859872611464965,0.0,0.0,0.0,0.0,0.0,0.0,0.0,0.0,0.0
94,T1059.009,"['m1038', 'm1026']",0.0,0.0,0.0,0.0,0.045859872611464965,0.0,0.0,0.0,0.0,0.0,0.0,0.0,0.0,0.0
95,T1059.007,"['m1040', 'm1042', 'm1038', 'm1021']",0.0,0.0,0.0,0.0,0.045859872611464965,0.0,0.0,0.0,0.0,0.0,0.0,0.0,0.0,0.0
96,T1059.008,"['m1038', 'm1026', 'm1018']",0.0,0.0,0.0,0.0,0.045859872611464965,0.0,0.0,0.0,0.0,0.0,0.0,0.0,0.0,0.0
97,T1059.001,"['m1049', 'm1045', 'm1042', 'm1038', 'm1026']",0.0,0.0,0.0,0.0,0.045859872611464965,0.0,0.0,0.0,0.0,0.0,0.0,0.0,0.0,0.0
98,T1059.006,"['m1049', 'm1047', 'm1038', 'm1033']",0.0,0.0,0.0,0.0,0.045859872611464965,0.0,0.0,0.0,0.0,0.0,0.0,0.0,0.0,0.0
99,T1059.004,['m1038'],0.0,0.0,0.0,0.0,0.045859872611464965,0.0,0.0,0.0,0.0,0.0,0.0,0.0,0.0,0.0
100,T1059.005,"['m1049', 'm1040', 'm1042', 'm1038', 'm1021']",0.0,0.0,0.0,0.0,0.045859872611464965,0.0,0.0,0.0,0.0,0.0,0.0,0.0,0.0,0.0
101,T1059.003,['m1038'],0.0,0.0,0.0,0.0,0.045859872611464965,0.0,0.0,0.0,0.0,0.0,0.0,0.0,0.0,0.0
102,T1092,"['m1042', 'm1028']",0.0,0.0,0.0,0.0,0.0,0.0,0.049681528662420385,0.0,0.0,0.0,0.0,0.0,0.0,0.0
103,T1586,['m1056'],0.0,0.0,0.0,0.0,0.0,0.0,0.0,0.0,0.0,0.05732484076433121,0.0,0.0,0.0,0.0
104,T1586.003,['m1056'],0.0,0.0,0.0,0.0,0.0,0.0,0.0,0.0,0.0,0.05732484076433121,0.0,0.0,0.0,0.0
105,T1586.002,['m1056'],0.0,0.0,0.0,0.0,0.0,0.0,0.0,0.0,0.0,0.05732484076433121,0.0,0.0,0.0,0.0
106,T1586.001,['m1056'],0.0,0.0,0.0,0.0,0.0,0.0,0.0,0.0,0.0,0.05732484076433121,0.0,0.0,0.0,0.0
107,T1554,['m1045'],0.0,0.0,0.0,0.0,0.0,0.0,0.0,0.0,0.0,0.0,0.0,0.0,0.14394904458598726,0.0
108,T1584,['m1056'],0.0,0.0,0.0,0.0,0.0,0.0,0.0,0.0,0.0,0.05732484076433121,0.0,0.0,0.0,0.0
109,T1584.005,['m1056'],0.0,0.0,0.0,0.0,0.0,0.0,0.0,0.0,0.0,0.05732484076433121,0.0,0.0,0.0,0.0
110,T1584.002,['m1056'],0.0,0.0,0.0,0.0,0.0,0.0,0.0,0.0,0.0,0.05732484076433121,0.0,0.0,0.0,0.0
111,T1584.001,['m1056'],0.0,0.0,0.0,0.0,0.0,0.0,0.0,0.0,0.0,0.05732484076433121,0.0,0.0,0.0,0.0
112,T1584.004,['m1056'],0.0,0.0,0.0,0.0,0.0,0.0,0.0,0.0,0.0,0.05732484076433121,0.0,0.0,0.0,0.0
113,T1584.007,['m1056'],0.0,0.0,0.0,0.0,0.0,0.0,0.0,0.0,0.0,0.05732484076433121,0.0,0.0,0.0,0.0
114,T1584.003,['m1056'],0.0,0.0,0.0,0.0,0.0,0.0,0.0,0.0,0.0,0.05732484076433121,0.0,0.0,0.0,0.0
115,T1584.006,['m1056'],0.0,0.0,0.0,0.0,0.0,0.0,0.0,0.0,0.0,0.05732484076433121,0.0,0.0,0.0,0.0
116,T1609,"['m1042', 'm1038', 'm1035', 'm1026', 'm1018']",0.0,0.0,0.0,0.0,0.045859872611464965,0.0,0.0,0.0,0.0,0.0,0.0,0.0,0.0,0.0
117,T1613,"['m1035', 'm1030', 'm1018']",0.0,0.0,0.0,0.0,0.0,0.0,0.0,0.0,0.05605095541401274,0.0,0.0,0.0,0.0,0.0
118,T1136,"['m1032', 'm1030', 'm1028', 'm1026']",0.0,0.0,0.0,0.0,0.0,0.0,0.0,0.0,0.0,0.0,0.0,0.0,0.14394904458598726,0.0
119,T1136.003,"['m1032', 'm1030', 'm1026']",0.0,0.0,0.0,0.0,0.0,0.0,0.0,0.0,0.0,0.0,0.0,0.0,0.14394904458598726,0.0
120,T1136.002,"['m1032', 'm1030', 'm1028', 'm1026']",0.0,0.0,0.0,0.0,0.0,0.0,0.0,0.0,0.0,0.0,0.0,0.0,0.14394904458598726,0.0
121,T1136.001,"['m1032', 'm1026']",0.0,0.0,0.0,0.0,0.0,0.0,0.0,0.0,0.0,0.0,0.0,0.0,0.14394904458598726,0.0
122,T1543,"['m1047', 'm1040', 'm1045', 'm1033', 'm1028', 'm1022', 'm1018']",0.0,0.0,0.0,0.0,0.0,0.0,0.0,0.0,0.0,0.0,0.0,0.12229299363057325,0.14394904458598726,0.0
123,T1543.001,['m1022'],0.0,0.0,0.0,0.0,0.0,0.0,0.0,0.0,0.0,0.0,0.0,0.12229299363057325,0.14394904458598726,0.0
124,T1543.004,"['m1047', 'm1018']",0.0,0.0,0.0,0.0,0.0,0.0,0.0,0.0,0.0,0.0,0.0,0.12229299363057325,0.14394904458598726,0.0
125,T1543.002,"['m1033', 'm1026', 'm1022', 'm1018']",0.0,0.0,0.0,0.0,0.0,0.0,0.0,0.0,0.0,0.0,0.0,0.12229299363057325,0.14394904458598726,0.0
126,T1543.003,"['m1047', 'm1040', 'm1045', 'm1028', 'm1018']",0.0,0.0,0.0,0.0,0.0,0.0,0.0,0.0,0.0,0.0,0.0,0.12229299363057325,0.14394904458598726,0.0
127,T1555,['m1027'],0.0,0.0,0.0,0.0,0.0,0.0,0.0,0.0,0.0,0.0,0.08025477707006369,0.0,0.0,0.0
128,T1555.003,['m1027'],0.0,0.0,0.0,0.0,0.0,0.0,0.0,0.0,0.0,0.0,0.08025477707006369,0.0,0.0,0.0
129,T1555.001,['m1027'],0.0,0.0,0.0,0.0,0.0,0.0,0.0,0.0,0.0,0.0,0.08025477707006369,0.0,0.0,0.0
130,T1555.005,"['m1027', 'm1054', 'm1051']",0.0,0.0,0.0,0.0,0.0,0.0,0.0,0.0,0.0,0.0,0.08025477707006369,0.0,0.0,0.0
131,T1555.002,,0.0,0.0,0.0,0.0,0.0,0.0,0.0,0.0,0.0,0.0,0.08025477707006369,0.0,0.0,0.0
132,T1555.004,['m1042'],0.0,0.0,0.0,0.0,0.0,0.0,0.0,0.0,0.0,0.0,0.08025477707006369,0.0,0.0,0.0
133,T1485,['m1053'],0.0,0.0,0.0,0.033121019108280254,0.0,0.0,0.0,0.0,0.0,0.0,0.0,0.0,0.0,0.0
134,T1132,['m1031'],0.0,0.0,0.0,0.0,0.0,0.0,0.049681528662420385,0.0,0.0,0.0,0.0,0.0,0.0,0.0
135,T1132.002,['m1031'],0.0,0.0,0.0,0.0,0.0,0.0,0.049681528662420385,0.0,0.0,0.0,0.0,0.0,0.0,0.0
136,T1132.001,['m1031'],0.0,0.0,0.0,0.0,0.0,0.0,0.049681528662420385,0.0,0.0,0.0,0.0,0.0,0.0,0.0
137,T1486,"['m1040', 'm1053']",0.0,0.0,0.0,0.033121019108280254,0.0,0.0,0.0,0.0,0.0,0.0,0.0,0.0,0.0,0.0
138,T1565,"['m1041', 'm1030', 'm1029', 'm1022']",0.0,0.0,0.0,0.033121019108280254,0.0,0.0,0.0,0.0,0.0,0.0,0.0,0.0,0.0,0.0
139,T1565.003,"['m1030', 'm1022']",0.0,0.0,0.0,0.033121019108280254,0.0,0.0,0.0,0.0,0.0,0.0,0.0,0.0,0.0,0.0
140,T1565.001,"['m1041', 'm1029', 'm1022']",0.0,0.0,0.0,0.033121019108280254,0.0,0.0,0.0,0.0,0.0,0.0,0.0,0.0,0.0,0.0
141,T1565.002,['m1041'],0.0,0.0,0.0,0.033121019108280254,0.0,0.0,0.0,0.0,0.0,0.0,0.0,0.0,0.0,0.0
142,T1001,['m1031'],0.0,0.0,0.0,0.0,0.0,0.0,0.049681528662420385,0.0,0.0,0.0,0.0,0.0,0.0,0.0
143,T1001.001,['m1031'],0.0,0.0,0.0,0.0,0.0,0.0,0.049681528662420385,0.0,0.0,0.0,0.0,0.0,0.0,0.0
144,T1001.003,['m1031'],0.0,0.0,0.0,0.0,0.0,0.0,0.049681528662420385,0.0,0.0,0.0,0.0,0.0,0.0,0.0
145,T1001.002,['m1031'],0.0,0.0,0.0,0.0,0.0,0.0,0.049681528662420385,0.0,0.0,0.0,0.0,0.0,0.0,0.0
146,T1074,,0.0,0.0,0.0,0.0,0.0,0.04713375796178344,0.0,0.0,0.0,0.0,0.0,0.0,0.0,0.0
147,T1074.001,,0.0,0.0,0.0,0.0,0.0,0.04713375796178344,0.0,0.0,0.0,0.0,0.0,0.0,0.0,0.0
148,T1074.002,,0.0,0.0,0.0,0.0,0.0,0.04713375796178344,0.0,0.0,0.0,0.0,0.0,0.0,0.0,0.0
149,T1030,['m1031'],0.022929936305732482,0.0,0.0,0.0,0.0,0.0,0.0,0.0,0.0,0.0,0.0,0.0,0.0,0.0
150,T1530,"['m1047', 'm1041', 'm1037', 'm1032', 'm1022', 'm1018']",0.0,0.0,0.0,0.0,0.0,0.04713375796178344,0.0,0.0,0.0,0.0,0.0,0.0,0.0,0.0
151,T1602,"['m1041', 'm1037', 'm1031', 'm1030', 'm1054', 'm1051']",0.0,0.0,0.0,0.0,0.0,0.04713375796178344,0.0,0.0,0.0,0.0,0.0,0.0,0.0,0.0
152,T1602.002,"['m1041', 'm1037', 'm1031', 'm1030', 'm1054', 'm1051']",0.0,0.0,0.0,0.0,0.0,0.04713375796178344,0.0,0.0,0.0,0.0,0.0,0.0,0.0,0.0
153,T1602.001,"['m1041', 'm1037', 'm1031', 'm1030', 'm1054', 'm1051']",0.0,0.0,0.0,0.0,0.0,0.04713375796178344,0.0,0.0,0.0,0.0,0.0,0.0,0.0,0.0
154,T1213,"['m1047', 'm1018', 'm1017']",0.0,0.0,0.0,0.0,0.0,0.04713375796178344,0.0,0.0,0.0,0.0,0.0,0.0,0.0,0.0
155,T1213.003,"['m1047', 'm1032', 'm1018', 'm1017']",0.0,0.0,0.0,0.0,0.0,0.04713375796178344,0.0,0.0,0.0,0.0,0.0,0.0,0.0,0.0
156,T1213.001,"['m1047', 'm1018', 'm1017']",0.0,0.0,0.0,0.0,0.0,0.04713375796178344,0.0,0.0,0.0,0.0,0.0,0.0,0.0,0.0
157,T1213.002,"['m1047', 'm1018', 'm1017']",0.0,0.0,0.0,0.0,0.0,0.04713375796178344,0.0,0.0,0.0,0.0,0.0,0.0,0.0,0.0
158,T1005,['m1057'],0.0,0.0,0.0,0.0,0.0,0.04713375796178344,0.0,0.0,0.0,0.0,0.0,0.0,0.0,0.0
159,T1039,,0.0,0.0,0.0,0.0,0.0,0.04713375796178344,0.0,0.0,0.0,0.0,0.0,0.0,0.0,0.0
160,T1025,['m1057'],0.0,0.0,0.0,0.0,0.0,0.04713375796178344,0.0,0.0,0.0,0.0,0.0,0.0,0.0,0.0
161,T1622,,0.0,0.0,0.0,0.0,0.0,0.0,0.0,0.0,0.05605095541401274,0.0,0.0,0.0,0.0,0.23439490445859873
162,T1491,['m1053'],0.0,0.0,0.0,0.033121019108280254,0.0,0.0,0.0,0.0,0.0,0.0,0.0,0.0,0.0,0.0
163,T1491.002,['m1053'],0.0,0.0,0.0,0.033121019108280254,0.0,0.0,0.0,0.0,0.0,0.0,0.0,0.0,0.0,0.0
164,T1491.001,['m1053'],0.0,0.0,0.0,0.033121019108280254,0.0,0.0,0.0,0.0,0.0,0.0,0.0,0.0,0.0,0.0
165,T1140,,0.0,0.0,0.0,0.0,0.0,0.0,0.0,0.0,0.0,0.0,0.0,0.0,0.0,0.23439490445859873
166,T1610,"['m1047', 'm1035', 'm1030', 'm1018']",0.0,0.0,0.0,0.0,0.045859872611464965,0.0,0.0,0.0,0.0,0.0,0.0,0.0,0.0,0.23439490445859873
167,T1587,['m1056'],0.0,0.0,0.0,0.0,0.0,0.0,0.0,0.0,0.0,0.05732484076433121,0.0,0.0,0.0,0.0
168,T1587.002,['m1056'],0.0,0.0,0.0,0.0,0.0,0.0,0.0,0.0,0.0,0.05732484076433121,0.0,0.0,0.0,0.0
169,T1587.003,['m1056'],0.0,0.0,0.0,0.0,0.0,0.0,0.0,0.0,0.0,0.05732484076433121,0.0,0.0,0.0,0.0
170,T1587.004,['m1056'],0.0,0.0,0.0,0.0,0.0,0.0,0.0,0.0,0.0,0.05732484076433121,0.0,0.0,0.0,0.0
171,T1587.001,['m1056'],0.0,0.0,0.0,0.0,0.0,0.0,0.0,0.0,0.0,0.05732484076433121,0.0,0.0,0.0,0.0
172,T1652,,0.0,0.0,0.0,0.0,0.0,0.0,0.0,0.0,0.05605095541401274,0.0,0.0,0.0,0.0,0.0
173,T1006,,0.0,0.0,0.0,0.0,0.0,0.0,0.0,0.0,0.0,0.0,0.0,0.0,0.0,0.23439490445859873
174,T1561,['m1053'],0.0,0.0,0.0,0.033121019108280254,0.0,0.0,0.0,0.0,0.0,0.0,0.0,0.0,0.0,0.0
175,T1561.001,['m1053'],0.0,0.0,0.0,0.033121019108280254,0.0,0.0,0.0,0.0,0.0,0.0,0.0,0.0,0.0,0.0
176,T1561.002,['m1053'],0.0,0.0,0.0,0.033121019108280254,0.0,0.0,0.0,0.0,0.0,0.0,0.0,0.0,0.0,0.0
177,T1484,"['m1047', 'm1026', 'm1018']",0.0,0.0,0.0,0.0,0.0,0.0,0.0,0.0,0.0,0.0,0.0,0.12229299363057325,0.0,0.23439490445859873
178,T1484.002,['m1026'],0.0,0.0,0.0,0.0,0.0,0.0,0.0,0.0,0.0,0.0,0.0,0.12229299363057325,0.0,0.23439490445859873
179,T1484.001,"['m1047', 'm1018']",0.0,0.0,0.0,0.0,0.0,0.0,0.0,0.0,0.0,0.0,0.0,0.12229299363057325,0.0,0.23439490445859873
180,T1482,"['m1047', 'm1030']",0.0,0.0,0.0,0.0,0.0,0.0,0.0,0.0,0.05605095541401274,0.0,0.0,0.0,0.0,0.0
181,T1189,"['m1048', 'm1050', 'm1021', 'm1051']",0.0,0.024203821656050957,0.0,0.0,0.0,0.0,0.0,0.0,0.0,0.0,0.0,0.0,0.0,0.0
182,T1568,"['m1031', 'm1021']",0.0,0.0,0.0,0.0,0.0,0.0,0.049681528662420385,0.0,0.0,0.0,0.0,0.0,0.0,0.0
183,T1568.003,,0.0,0.0,0.0,0.0,0.0,0.0,0.049681528662420385,0.0,0.0,0.0,0.0,0.0,0.0,0.0
184,T1568.002,"['m1031', 'm1021']",0.0,0.0,0.0,0.0,0.0,0.0,0.049681528662420385,0.0,0.0,0.0,0.0,0.0,0.0,0.0
185,T1568.001,,0.0,0.0,0.0,0.0,0.0,0.0,0.049681528662420385,0.0,0.0,0.0,0.0,0.0,0.0,0.0
186,T1114,"['m1047', 'm1041', 'm1032']",0.0,0.0,0.0,0.0,0.0,0.04713375796178344,0.0,0.0,0.0,0.0,0.0,0.0,0.0,0.0
187,T1114.003,"['m1047', 'm1042', 'm1041']",0.0,0.0,0.0,0.0,0.0,0.04713375796178344,0.0,0.0,0.0,0.0,0.0,0.0,0.0,0.0
188,T1114.001,['m1041'],0.0,0.0,0.0,0.0,0.0,0.04713375796178344,0.0,0.0,0.0,0.0,0.0,0.0,0.0,0.0
189,T1114.002,"['m1041', 'm1032']",0.0,0.0,0.0,0.0,0.0,0.04713375796178344,0.0,0.0,0.0,0.0,0.0,0.0,0.0,0.0
190,T1573,"['m1031', 'm1020']",0.0,0.0,0.0,0.0,0.0,0.0,0.049681528662420385,0.0,0.0,0.0,0.0,0.0,0.0,0.0
191,T1573.002,"['m1031', 'm1020']",0.0,0.0,0.0,0.0,0.0,0.0,0.049681528662420385,0.0,0.0,0.0,0.0,0.0,0.0,0.0
192,T1573.001,['m1031'],0.0,0.0,0.0,0.0,0.0,0.0,0.049681528662420385,0.0,0.0,0.0,0.0,0.0,0.0,0.0
193,T1499,['m1037'],0.0,0.0,0.0,0.033121019108280254,0.0,0.0,0.0,0.0,0.0,0.0,0.0,0.0,0.0,0.0
194,T1499.003,['m1037'],0.0,0.0,0.0,0.033121019108280254,0.0,0.0,0.0,0.0,0.0,0.0,0.0,0.0,0.0,0.0
195,T1499.004,['m1037'],0.0,0.0,0.0,0.033121019108280254,0.0,0.0,0.0,0.0,0.0,0.0,0.0,0.0,0.0,0.0
196,T1499.001,['m1037'],0.0,0.0,0.0,0.033121019108280254,0.0,0.0,0.0,0.0,0.0,0.0,0.0,0.0,0.0,0.0
197,T1499.002,['m1037'],0.0,0.0,0.0,0.033121019108280254,0.0,0.0,0.0,0.0,0.0,0.0,0.0,0.0,0.0,0.0
198,T1611,"['m1048', 'm1042', 'm1038', 'm1026']",0.0,0.0,0.0,0.0,0.0,0.0,0.0,0.0,0.0,0.0,0.0,0.12229299363057325,0.0,0.0
199,T1585,['m1056'],0.0,0.0,0.0,0.0,0.0,0.0,0.0,0.0,0.0,0.05732484076433121,0.0,0.0,0.0,0.0
200,T1585.003,['m1056'],0.0,0.0,0.0,0.0,0.0,0.0,0.0,0.0,0.0,0.05732484076433121,0.0,0.0,0.0,0.0
201,T1585.002,['m1056'],0.0,0.0,0.0,0.0,0.0,0.0,0.0,0.0,0.0,0.05732484076433121,0.0,0.0,0.0,0.0
202,T1585.001,['m1056'],0.0,0.0,0.0,0.0,0.0,0.0,0.0,0.0,0.0,0.05732484076433121,0.0,0.0,0.0,0.0
203,T1546,,0.0,0.0,0.0,0.0,0.0,0.0,0.0,0.0,0.0,0.0,0.0,0.12229299363057325,0.14394904458598726,0.0
204,T1546.008,"['m1038', 'm1035', 'm1028']",0.0,0.0,0.0,0.0,0.0,0.0,0.0,0.0,0.0,0.0,0.0,0.12229299363057325,0.14394904458598726,0.0
205,T1546.009,['m1038'],0.0,0.0,0.0,0.0,0.0,0.0,0.0,0.0,0.0,0.0,0.0,0.12229299363057325,0.14394904458598726,0.0
206,T1546.010,"['m1038', 'm1051']",0.0,0.0,0.0,0.0,0.0,0.0,0.0,0.0,0.0,0.0,0.0,0.12229299363057325,0.14394904458598726,0.0
207,T1546.011,"['m1051', 'm1052']",0.0,0.0,0.0,0.0,0.0,0.0,0.0,0.0,0.0,0.0,0.0,0.12229299363057325,0.14394904458598726,0.0
208,T1546.001,,0.0,0.0,0.0,0.0,0.0,0.0,0.0,0.0,0.0,0.0,0.0,0.12229299363057325,0.14394904458598726,0.0
209,T1546.015,,0.0,0.0,0.0,0.0,0.0,0.0,0.0,0.0,0.0,0.0,0.0,0.12229299363057325,0.14394904458598726,0.0
210,T1546.014,['m1042'],0.0,0.0,0.0,0.0,0.0,0.0,0.0,0.0,0.0,0.0,0.0,0.12229299363057325,0.14394904458598726,0.0
211,T1546.012,,0.0,0.0,0.0,0.0,0.0,0.0,0.0,0.0,0.0,0.0,0.0,0.12229299363057325,0.14394904458598726,0.0
212,T1546.016,,0.0,0.0,0.0,0.0,0.0,0.0,0.0,0.0,0.0,0.0,0.0,0.12229299363057325,0.14394904458598726,0.0
213,T1546.006,"['m1047', 'm1045', 'm1038']",0.0,0.0,0.0,0.0,0.0,0.0,0.0,0.0,0.0,0.0,0.0,0.12229299363057325,0.14394904458598726,0.0
214,T1546.007,,0.0,0.0,0.0,0.0,0.0,0.0,0.0,0.0,0.0,0.0,0.0,0.12229299363057325,0.14394904458598726,0.0
215,T1546.013,"['m1045', 'm1022', 'm1054']",0.0,0.0,0.0,0.0,0.0,0.0,0.0,0.0,0.0,0.0,0.0,0.12229299363057325,0.14394904458598726,0.0
216,T1546.002,"['m1042', 'm1038']",0.0,0.0,0.0,0.0,0.0,0.0,0.0,0.0,0.0,0.0,0.0,0.12229299363057325,0.14394904458598726,0.0
217,T1546.005,,0.0,0.0,0.0,0.0,0.0,0.0,0.0,0.0,0.0,0.0,0.0,0.12229299363057325,0.14394904458598726,0.0
218,T1546.004,['m1022'],0.0,0.0,0.0,0.0,0.0,0.0,0.0,0.0,0.0,0.0,0.0,0.12229299363057325,0.14394904458598726,0.0
219,T1546.003,"['m1040', 'm1026', 'm1018']",0.0,0.0,0.0,0.0,0.0,0.0,0.0,0.0,0.0,0.0,0.0,0.12229299363057325,0.14394904458598726,0.0
220,T1480,['m1055'],0.0,0.0,0.0,0.0,0.0,0.0,0.0,0.0,0.0,0.0,0.0,0.0,0.0,0.23439490445859873
221,T1480.001,['m1055'],0.0,0.0,0.0,0.0,0.0,0.0,0.0,0.0,0.0,0.0,0.0,0.0,0.0,0.23439490445859873
222,T1048,"['m1057', 'm1037', 'm1031', 'm1030', 'm1022', 'm1018']",0.022929936305732482,0.0,0.0,0.0,0.0,0.0,0.0,0.0,0.0,0.0,0.0,0.0,0.0,0.0
223,T1048.002,"['m1057', 'm1037', 'm1031', 'm1030']",0.022929936305732482,0.0,0.0,0.0,0.0,0.0,0.0,0.0,0.0,0.0,0.0,0.0,0.0,0.0
224,T1048.001,"['m1037', 'm1031', 'm1030']",0.022929936305732482,0.0,0.0,0.0,0.0,0.0,0.0,0.0,0.0,0.0,0.0,0.0,0.0,0.0
225,T1048.003,"['m1057', 'm1037', 'm1031', 'm1030']",0.022929936305732482,0.0,0.0,0.0,0.0,0.0,0.0,0.0,0.0,0.0,0.0,0.0,0.0,0.0
226,T1041,"['m1057', 'm1031']",0.022929936305732482,0.0,0.0,0.0,0.0,0.0,0.0,0.0,0.0,0.0,0.0,0.0,0.0,0.0
227,T1011,['m1028'],0.022929936305732482,0.0,0.0,0.0,0.0,0.0,0.0,0.0,0.0,0.0,0.0,0.0,0.0,0.0
228,T1011.001,"['m1042', 'm1028']",0.022929936305732482,0.0,0.0,0.0,0.0,0.0,0.0,0.0,0.0,0.0,0.0,0.0,0.0,0.0
229,T1052,"['m1057', 'm1042', 'm1034']",0.022929936305732482,0.0,0.0,0.0,0.0,0.0,0.0,0.0,0.0,0.0,0.0,0.0,0.0,0.0
230,T1052.001,"['m1057', 'm1042', 'm1034']",0.022929936305732482,0.0,0.0,0.0,0.0,0.0,0.0,0.0,0.0,0.0,0.0,0.0,0.0,0.0
231,T1567,"['m1057', 'm1021']",0.022929936305732482,0.0,0.0,0.0,0.0,0.0,0.0,0.0,0.0,0.0,0.0,0.0,0.0,0.0
232,T1567.002,['m1021'],0.022929936305732482,0.0,0.0,0.0,0.0,0.0,0.0,0.0,0.0,0.0,0.0,0.0,0.0,0.0
233,T1567.001,['m1021'],0.022929936305732482,0.0,0.0,0.0,0.0,0.0,0.0,0.0,0.0,0.0,0.0,0.0,0.0,0.0
234,T1567.003,['m1021'],0.022929936305732482,0.0,0.0,0.0,0.0,0.0,0.0,0.0,0.0,0.0,0.0,0.0,0.0,0.0
235,T1190,"['m1048', 'm1050', 'm1030', 'm1026', 'm1051', 'm1016']",0.0,0.024203821656050957,0.0,0.0,0.0,0.0,0.0,0.0,0.0,0.0,0.0,0.0,0.0,0.0
236,T1203,"['m1048', 'm1050']",0.0,0.0,0.0,0.0,0.045859872611464965,0.0,0.0,0.0,0.0,0.0,0.0,0.0,0.0,0.0
237,T1212,"['m1048', 'm1050', 'm1019', 'm1051']",0.0,0.0,0.0,0.0,0.0,0.0,0.0,0.0,0.0,0.0,0.08025477707006369,0.0,0.0,0.0
238,T1211,"['m1048', 'm1050', 'm1019', 'm1051']",0.0,0.0,0.0,0.0,0.0,0.0,0.0,0.0,0.0,0.0,0.0,0.0,0.0,0.23439490445859873
239,T1068,"['m1048', 'm1038', 'm1050', 'm1019', 'm1051']",0.0,0.0,0.0,0.0,0.0,0.0,0.0,0.0,0.0,0.0,0.0,0.12229299363057325,0.0,0.0
240,T1210,"['m1048', 'm1042', 'm1050', 'm1030', 'm1026', 'm1019', 'm1051', 'm1016']",0.0,0.0,0.02802547770700637,0.0,0.0,0.0,0.0,0.0,0.0,0.0,0.0,0.0,0.0,0.0
241,T1133,"['m1042', 'm1035', 'm1032', 'm1030']",0.0,0.024203821656050957,0.0,0.0,0.0,0.0,0.0,0.0,0.0,0.0,0.0,0.0,0.14394904458598726,0.0
242,T1008,['m1031'],0.0,0.0,0.0,0.0,0.0,0.0,0.049681528662420385,0.0,0.0,0.0,0.0,0.0,0.0,0.0
243,T1083,,0.0,0.0,0.0,0.0,0.0,0.0,0.0,0.0,0.05605095541401274,0.0,0.0,0.0,0.0,0.0
244,T1222,"['m1026', 'm1022']",0.0,0.0,0.0,0.0,0.0,0.0,0.0,0.0,0.0,0.0,0.0,0.0,0.0,0.23439490445859873
245,T1222.002,"['m1026', 'm1022']",0.0,0.0,0.0,0.0,0.0,0.0,0.0,0.0,0.0,0.0,0.0,0.0,0.0,0.23439490445859873
246,T1222.001,"['m1026', 'm1022']",0.0,0.0,0.0,0.0,0.0,0.0,0.0,0.0,0.0,0.0,0.0,0.0,0.0,0.23439490445859873
247,T1495,"['m1046', 'm1026', 'm1051']",0.0,0.0,0.0,0.033121019108280254,0.0,0.0,0.0,0.0,0.0,0.0,0.0,0.0,0.0,0.0
248,T1187,"['m1037', 'm1027']",0.0,0.0,0.0,0.0,0.0,0.0,0.0,0.0,0.0,0.0,0.08025477707006369,0.0,0.0,0.0
249,T1606,"['m1047', 'm1026', 'm1054', 'm1018']",0.0,0.0,0.0,0.0,0.0,0.0,0.0,0.0,0.0,0.0,0.08025477707006369,0.0,0.0,0.0
250,T1606.002,"['m1015', 'm1047', 'm1026', 'm1018']",0.0,0.0,0.0,0.0,0.0,0.0,0.0,0.0,0.0,0.0,0.08025477707006369,0.0,0.0,0.0
251,T1606.001,"['m1047', 'm1054']",0.0,0.0,0.0,0.0,0.0,0.0,0.0,0.0,0.0,0.0,0.08025477707006369,0.0,0.0,0.0
252,T1592,['m1056'],0.0,0.0,0.0,0.0,0.0,0.0,0.0,0.05477707006369427,0.0,0.0,0.0,0.0,0.0,0.0
253,T1592.004,['m1056'],0.0,0.0,0.0,0.0,0.0,0.0,0.0,0.05477707006369427,0.0,0.0,0.0,0.0,0.0,0.0
254,T1592.003,['m1056'],0.0,0.0,0.0,0.0,0.0,0.0,0.0,0.05477707006369427,0.0,0.0,0.0,0.0,0.0,0.0
255,T1592.001,['m1056'],0.0,0.0,0.0,0.0,0.0,0.0,0.0,0.05477707006369427,0.0,0.0,0.0,0.0,0.0,0.0
256,T1592.002,['m1056'],0.0,0.0,0.0,0.0,0.0,0.0,0.0,0.05477707006369427,0.0,0.0,0.0,0.0,0.0,0.0
257,T1589,['m1056'],0.0,0.0,0.0,0.0,0.0,0.0,0.0,0.05477707006369427,0.0,0.0,0.0,0.0,0.0,0.0
258,T1589.001,['m1056'],0.0,0.0,0.0,0.0,0.0,0.0,0.0,0.05477707006369427,0.0,0.0,0.0,0.0,0.0,0.0
259,T1589.002,['m1056'],0.0,0.0,0.0,0.0,0.0,0.0,0.0,0.05477707006369427,0.0,0.0,0.0,0.0,0.0,0.0
260,T1589.003,['m1056'],0.0,0.0,0.0,0.0,0.0,0.0,0.0,0.05477707006369427,0.0,0.0,0.0,0.0,0.0,0.0
261,T1590,['m1056'],0.0,0.0,0.0,0.0,0.0,0.0,0.0,0.05477707006369427,0.0,0.0,0.0,0.0,0.0,0.0
262,T1590.002,['m1056'],0.0,0.0,0.0,0.0,0.0,0.0,0.0,0.05477707006369427,0.0,0.0,0.0,0.0,0.0,0.0
263,T1590.001,['m1056'],0.0,0.0,0.0,0.0,0.0,0.0,0.0,0.05477707006369427,0.0,0.0,0.0,0.0,0.0,0.0
264,T1590.005,['m1056'],0.0,0.0,0.0,0.0,0.0,0.0,0.0,0.05477707006369427,0.0,0.0,0.0,0.0,0.0,0.0
265,T1590.006,['m1056'],0.0,0.0,0.0,0.0,0.0,0.0,0.0,0.05477707006369427,0.0,0.0,0.0,0.0,0.0,0.0
266,T1590.004,['m1056'],0.0,0.0,0.0,0.0,0.0,0.0,0.0,0.05477707006369427,0.0,0.0,0.0,0.0,0.0,0.0
267,T1590.003,['m1056'],0.0,0.0,0.0,0.0,0.0,0.0,0.0,0.05477707006369427,0.0,0.0,0.0,0.0,0.0,0.0
268,T1591,['m1056'],0.0,0.0,0.0,0.0,0.0,0.0,0.0,0.05477707006369427,0.0,0.0,0.0,0.0,0.0,0.0
269,T1591.002,['m1056'],0.0,0.0,0.0,0.0,0.0,0.0,0.0,0.05477707006369427,0.0,0.0,0.0,0.0,0.0,0.0
270,T1591.001,['m1056'],0.0,0.0,0.0,0.0,0.0,0.0,0.0,0.05477707006369427,0.0,0.0,0.0,0.0,0.0,0.0
271,T1591.003,['m1056'],0.0,0.0,0.0,0.0,0.0,0.0,0.0,0.05477707006369427,0.0,0.0,0.0,0.0,0.0,0.0
272,T1591.004,['m1056'],0.0,0.0,0.0,0.0,0.0,0.0,0.0,0.05477707006369427,0.0,0.0,0.0,0.0,0.0,0.0
273,T1615,,0.0,0.0,0.0,0.0,0.0,0.0,0.0,0.0,0.05605095541401274,0.0,0.0,0.0,0.0,0.0
274,T1200,"['m1035', 'm1034']",0.0,0.024203821656050957,0.0,0.0,0.0,0.0,0.0,0.0,0.0,0.0,0.0,0.0,0.0,0.0
275,T1564,,0.0,0.0,0.0,0.0,0.0,0.0,0.0,0.0,0.0,0.0,0.0,0.0,0.0,0.23439490445859873
276,T1564.008,['m1047'],0.0,0.0,0.0,0.0,0.0,0.0,0.0,0.0,0.0,0.0,0.0,0.0,0.0,0.23439490445859873
277,T1564.005,,0.0,0.0,0.0,0.0,0.0,0.0,0.0,0.0,0.0,0.0,0.0,0.0,0.0,0.23439490445859873
278,T1564.001,,0.0,0.0,0.0,0.0,0.0,0.0,0.0,0.0,0.0,0.0,0.0,0.0,0.0,0.23439490445859873
279,T1564.002,['m1028'],0.0,0.0,0.0,0.0,0.0,0.0,0.0,0.0,0.0,0.0,0.0,0.0,0.0,0.23439490445859873
280,T1564.003,['m1038'],0.0,0.0,0.0,0.0,0.0,0.0,0.0,0.0,0.0,0.0,0.0,0.0,0.0,0.23439490445859873
281,T1564.004,['m1022'],0.0,0.0,0.0,0.0,0.0,0.0,0.0,0.0,0.0,0.0,0.0,0.0,0.0,0.23439490445859873
282,T1564.010,,0.0,0.0,0.0,0.0,0.0,0.0,0.0,0.0,0.0,0.0,0.0,0.0,0.0,0.23439490445859873
283,T1564.009,['m1013'],0.0,0.0,0.0,0.0,0.0,0.0,0.0,0.0,0.0,0.0,0.0,0.0,0.0,0.23439490445859873
284,T1564.006,"['m1042', 'm1038']",0.0,0.0,0.0,0.0,0.0,0.0,0.0,0.0,0.0,0.0,0.0,0.0,0.0,0.23439490445859873
285,T1564.007,['m1042'],0.0,0.0,0.0,0.0,0.0,0.0,0.0,0.0,0.0,0.0,0.0,0.0,0.0,0.23439490445859873
286,T1574,"['m1013', 'm1047', 'm1040', 'm1038', 'm1022', 'm1044', 'm1024', 'm1051', 'm1052', 'm1018']",0.0,0.0,0.0,0.0,0.0,0.0,0.0,0.0,0.0,0.0,0.0,0.12229299363057325,0.14394904458598726,0.23439490445859873
287,T1574.012,"['m1038', 'm1024', 'm1018']",0.0,0.0,0.0,0.0,0.0,0.0,0.0,0.0,0.0,0.0,0.0,0.12229299363057325,0.14394904458598726,0.23439490445859873
288,T1574.001,"['m1047', 'm1038', 'm1044']",0.0,0.0,0.0,0.0,0.0,0.0,0.0,0.0,0.0,0.0,0.0,0.12229299363057325,0.14394904458598726,0.23439490445859873
289,T1574.002,"['m1013', 'm1051']",0.0,0.0,0.0,0.0,0.0,0.0,0.0,0.0,0.0,0.0,0.0,0.12229299363057325,0.14394904458598726,0.23439490445859873
290,T1574.004,['m1022'],0.0,0.0,0.0,0.0,0.0,0.0,0.0,0.0,0.0,0.0,0.0,0.12229299363057325,0.14394904458598726,0.23439490445859873
291,T1574.006,"['m1038', 'm1028']",0.0,0.0,0.0,0.0,0.0,0.0,0.0,0.0,0.0,0.0,0.0,0.12229299363057325,0.14394904458598726,0.23439490445859873
292,T1574.005,"['m1047', 'm1052', 'm1018']",0.0,0.0,0.0,0.0,0.0,0.0,0.0,0.0,0.0,0.0,0.0,0.12229299363057325,0.14394904458598726,0.23439490445859873
293,T1574.013,['m1040'],0.0,0.0,0.0,0.0,0.0,0.0,0.0,0.0,0.0,0.0,0.0,0.12229299363057325,0.14394904458598726,0.23439490445859873
294,T1574.007,"['m1047', 'm1038', 'm1022']",0.0,0.0,0.0,0.0,0.0,0.0,0.0,0.0,0.0,0.0,0.0,0.12229299363057325,0.14394904458598726,0.23439490445859873
295,T1574.008,"['m1047', 'm1038', 'm1022']",0.0,0.0,0.0,0.0,0.0,0.0,0.0,0.0,0.0,0.0,0.0,0.12229299363057325,0.14394904458598726,0.23439490445859873
296,T1574.009,"['m1047', 'm1038', 'm1022']",0.0,0.0,0.0,0.0,0.0,0.0,0.0,0.0,0.0,0.0,0.0,0.12229299363057325,0.14394904458598726,0.23439490445859873
297,T1574.010,"['m1047', 'm1052', 'm1018']",0.0,0.0,0.0,0.0,0.0,0.0,0.0,0.0,0.0,0.0,0.0,0.12229299363057325,0.14394904458598726,0.23439490445859873
298,T1574.011,['m1024'],0.0,0.0,0.0,0.0,0.0,0.0,0.0,0.0,0.0,0.0,0.0,0.12229299363057325,0.14394904458598726,0.23439490445859873
299,T1562,"['m1047', 'm1038', 'm1022', 'm1024', 'm1018']",0.0,0.0,0.0,0.0,0.0,0.0,0.0,0.0,0.0,0.0,0.0,0.0,0.0,0.23439490445859873
300,T1562.008,['m1018'],0.0,0.0,0.0,0.0,0.0,0.0,0.0,0.0,0.0,0.0,0.0,0.0,0.0,0.23439490445859873
301,T1562.002,"['m1047', 'm1022', 'm1024', 'm1018']",0.0,0.0,0.0,0.0,0.0,0.0,0.0,0.0,0.0,0.0,0.0,0.0,0.0,0.23439490445859873
302,T1562.007,"['m1047', 'm1018']",0.0,0.0,0.0,0.0,0.0,0.0,0.0,0.0,0.0,0.0,0.0,0.0,0.0,0.23439490445859873
303,T1562.004,"['m1047', 'm1022', 'm1024', 'm1018']",0.0,0.0,0.0,0.0,0.0,0.0,0.0,0.0,0.0,0.0,0.0,0.0,0.0,0.23439490445859873
304,T1562.001,"['m1038', 'm1022', 'm1024', 'm1018']",0.0,0.0,0.0,0.0,0.0,0.0,0.0,0.0,0.0,0.0,0.0,0.0,0.0,0.23439490445859873
305,T1562.010,['m1042'],0.0,0.0,0.0,0.0,0.0,0.0,0.0,0.0,0.0,0.0,0.0,0.0,0.0,0.23439490445859873
306,T1562.003,"['m1039', 'm1028']",0.0,0.0,0.0,0.0,0.0,0.0,0.0,0.0,0.0,0.0,0.0,0.0,0.0,0.23439490445859873
307,T1562.006,"['m1022', 'm1054', 'm1018']",0.0,0.0,0.0,0.0,0.0,0.0,0.0,0.0,0.0,0.0,0.0,0.0,0.0,0.23439490445859873
308,T1562.009,"['m1026', 'm1054']",0.0,0.0,0.0,0.0,0.0,0.0,0.0,0.0,0.0,0.0,0.0,0.0,0.0,0.23439490445859873
309,T1562.011,['m1038'],0.0,0.0,0.0,0.0,0.0,0.0,0.0,0.0,0.0,0.0,0.0,0.0,0.0,0.23439490445859873
310,T1525,"['m1047', 'm1045', 'm1026']",0.0,0.0,0.0,0.0,0.0,0.0,0.0,0.0,0.0,0.0,0.0,0.0,0.14394904458598726,0.0
311,T1070,"['m1041', 'm1029', 'm1022']",0.0,0.0,0.0,0.0,0.0,0.0,0.0,0.0,0.0,0.0,0.0,0.0,0.0,0.23439490445859873
312,T1070.003,"['m1039', 'm1029', 'm1022']",0.0,0.0,0.0,0.0,0.0,0.0,0.0,0.0,0.0,0.0,0.0,0.0,0.0,0.23439490445859873
313,T1070.002,"['m1041', 'm1029', 'm1022']",0.0,0.0,0.0,0.0,0.0,0.0,0.0,0.0,0.0,0.0,0.0,0.0,0.0,0.23439490445859873
314,T1070.008,"['m1047', 'm1029', 'm1022']",0.0,0.0,0.0,0.0,0.0,0.0,0.0,0.0,0.0,0.0,0.0,0.0,0.0,0.23439490445859873
315,T1070.007,"['m1029', 'm1024']",0.0,0.0,0.0,0.0,0.0,0.0,0.0,0.0,0.0,0.0,0.0,0.0,0.0,0.23439490445859873
316,T1070.009,"['m1029', 'm1022']",0.0,0.0,0.0,0.0,0.0,0.0,0.0,0.0,0.0,0.0,0.0,0.0,0.0,0.23439490445859873
317,T1070.001,"['m1041', 'm1029', 'm1022']",0.0,0.0,0.0,0.0,0.0,0.0,0.0,0.0,0.0,0.0,0.0,0.0,0.0,0.23439490445859873
318,T1070.004,,0.0,0.0,0.0,0.0,0.0,0.0,0.0,0.0,0.0,0.0,0.0,0.0,0.0,0.23439490445859873
319,T1070.005,,0.0,0.0,0.0,0.0,0.0,0.0,0.0,0.0,0.0,0.0,0.0,0.0,0.0,0.23439490445859873
320,T1070.006,,0.0,0.0,0.0,0.0,0.0,0.0,0.0,0.0,0.0,0.0,0.0,0.0,0.0,0.23439490445859873
321,T1202,,0.0,0.0,0.0,0.0,0.0,0.0,0.0,0.0,0.0,0.0,0.0,0.0,0.0,0.23439490445859873
322,T1105,['m1031'],0.0,0.0,0.0,0.0,0.0,0.0,0.049681528662420385,0.0,0.0,0.0,0.0,0.0,0.0,0.0
323,T1490,"['m1053', 'm1028', 'm1018']",0.0,0.0,0.0,0.033121019108280254,0.0,0.0,0.0,0.0,0.0,0.0,0.0,0.0,0.0,0.0
324,T1056,,0.0,0.0,0.0,0.0,0.0,0.04713375796178344,0.0,0.0,0.0,0.0,0.08025477707006369,0.0,0.0,0.0
325,T1056.004,,0.0,0.0,0.0,0.0,0.0,0.04713375796178344,0.0,0.0,0.0,0.0,0.08025477707006369,0.0,0.0,0.0
326,T1056.002,['m1017'],0.0,0.0,0.0,0.0,0.0,0.04713375796178344,0.0,0.0,0.0,0.0,0.08025477707006369,0.0,0.0,0.0
327,T1056.001,,0.0,0.0,0.0,0.0,0.0,0.04713375796178344,0.0,0.0,0.0,0.0,0.08025477707006369,0.0,0.0,0.0
328,T1056.003,['m1026'],0.0,0.0,0.0,0.0,0.0,0.04713375796178344,0.0,0.0,0.0,0.0,0.08025477707006369,0.0,0.0,0.0
329,T1559,"['m1013', 'm1048', 'm1040', 'm1042', 'm1026', 'm1054']",0.0,0.0,0.0,0.0,0.045859872611464965,0.0,0.0,0.0,0.0,0.0,0.0,0.0,0.0,0.0
330,T1559.001,"['m1048', 'm1026']",0.0,0.0,0.0,0.0,0.045859872611464965,0.0,0.0,0.0,0.0,0.0,0.0,0.0,0.0,0.0
331,T1559.002,"['m1048', 'm1040', 'm1042', 'm1054']",0.0,0.0,0.0,0.0,0.045859872611464965,0.0,0.0,0.0,0.0,0.0,0.0,0.0,0.0,0.0
332,T1559.003,['m1013'],0.0,0.0,0.0,0.0,0.045859872611464965,0.0,0.0,0.0,0.0,0.0,0.0,0.0,0.0,0.0
333,T1534,,0.0,0.0,0.02802547770700637,0.0,0.0,0.0,0.0,0.0,0.0,0.0,0.0,0.0,0.0,0.0
334,T1570,"['m1037', 'm1031']",0.0,0.0,0.02802547770700637,0.0,0.0,0.0,0.0,0.0,0.0,0.0,0.0,0.0,0.0,0.0
335,T1036,"['m1049', 'm1040', 'm1045', 'm1038', 'm1022']",0.0,0.0,0.0,0.0,0.0,0.0,0.0,0.0,0.0,0.0,0.0,0.0,0.0,0.23439490445859873
336,T1036.007,"['m1028', 'm1017']",0.0,0.0,0.0,0.0,0.0,0.0,0.0,0.0,0.0,0.0,0.0,0.0,0.0,0.23439490445859873
337,T1036.001,['m1045'],0.0,0.0,0.0,0.0,0.0,0.0,0.0,0.0,0.0,0.0,0.0,0.0,0.0,0.23439490445859873
338,T1036.008,"['m1049', 'm1040', 'm1038']",0.0,0.0,0.0,0.0,0.0,0.0,0.0,0.0,0.0,0.0,0.0,0.0,0.0,0.23439490445859873
339,T1036.004,,0.0,0.0,0.0,0.0,0.0,0.0,0.0,0.0,0.0,0.0,0.0,0.0,0.0,0.23439490445859873
340,T1036.005,"['m1045', 'm1038', 'm1022']",0.0,0.0,0.0,0.0,0.0,0.0,0.0,0.0,0.0,0.0,0.0,0.0,0.0,0.23439490445859873
341,T1036.003,['m1022'],0.0,0.0,0.0,0.0,0.0,0.0,0.0,0.0,0.0,0.0,0.0,0.0,0.0,0.23439490445859873
342,T1036.002,,0.0,0.0,0.0,0.0,0.0,0.0,0.0,0.0,0.0,0.0,0.0,0.0,0.0,0.23439490445859873
343,T1036.006,,0.0,0.0,0.0,0.0,0.0,0.0,0.0,0.0,0.0,0.0,0.0,0.0,0.0,0.23439490445859873
344,T1556,"['m1047', 'm1032', 'm1028', 'm1027', 'm1026', 'm1025', 'm1022', 'm1024', 'm1018']",0.0,0.0,0.0,0.0,0.0,0.0,0.0,0.0,0.0,0.0,0.08025477707006369,0.0,0.14394904458598726,0.23439490445859873
345,T1556.001,"['m1032', 'm1026', 'm1025']",0.0,0.0,0.0,0.0,0.0,0.0,0.0,0.0,0.0,0.0,0.08025477707006369,0.0,0.14394904458598726,0.23439490445859873
346,T1556.007,"['m1047', 'm1032', 'm1026']",0.0,0.0,0.0,0.0,0.0,0.0,0.0,0.0,0.0,0.0,0.08025477707006369,0.0,0.14394904458598726,0.23439490445859873
347,T1556.006,"['m1047', 'm1032', 'm1018']",0.0,0.0,0.0,0.0,0.0,0.0,0.0,0.0,0.0,0.0,0.08025477707006369,0.0,0.14394904458598726,0.23439490445859873
348,T1556.004,"['m1032', 'm1026']",0.0,0.0,0.0,0.0,0.0,0.0,0.0,0.0,0.0,0.0,0.08025477707006369,0.0,0.14394904458598726,0.23439490445859873
349,T1556.008,"['m1047', 'm1028', 'm1024']",0.0,0.0,0.0,0.0,0.0,0.0,0.0,0.0,0.0,0.0,0.08025477707006369,0.0,0.14394904458598726,0.23439490445859873
350,T1556.002,['m1028'],0.0,0.0,0.0,0.0,0.0,0.0,0.0,0.0,0.0,0.0,0.08025477707006369,0.0,0.14394904458598726,0.23439490445859873
351,T1556.003,"['m1032', 'm1026']",0.0,0.0,0.0,0.0,0.0,0.0,0.0,0.0,0.0,0.0,0.08025477707006369,0.0,0.14394904458598726,0.23439490445859873
352,T1556.005,"['m1027', 'm1026']",0.0,0.0,0.0,0.0,0.0,0.0,0.0,0.0,0.0,0.0,0.08025477707006369,0.0,0.14394904458598726,0.23439490445859873
353,T1578,"['m1047', 'm1018']",0.0,0.0,0.0,0.0,0.0,0.0,0.0,0.0,0.0,0.0,0.0,0.0,0.0,0.23439490445859873
354,T1578.002,"['m1047', 'm1018']",0.0,0.0,0.0,0.0,0.0,0.0,0.0,0.0,0.0,0.0,0.0,0.0,0.0,0.23439490445859873
355,T1578.001,"['m1047', 'm1018']",0.0,0.0,0.0,0.0,0.0,0.0,0.0,0.0,0.0,0.0,0.0,0.0,0.0,0.23439490445859873
356,T1578.003,"['m1047', 'm1018']",0.0,0.0,0.0,0.0,0.0,0.0,0.0,0.0,0.0,0.0,0.0,0.0,0.0,0.23439490445859873
357,T1578.004,,0.0,0.0,0.0,0.0,0.0,0.0,0.0,0.0,0.0,0.0,0.0,0.0,0.0,0.23439490445859873
358,T1112,['m1024'],0.0,0.0,0.0,0.0,0.0,0.0,0.0,0.0,0.0,0.0,0.0,0.0,0.0,0.23439490445859873
359,T1601,"['m1046', 'm1045', 'm1043', 'm1032', 'm1027', 'm1026']",0.0,0.0,0.0,0.0,0.0,0.0,0.0,0.0,0.0,0.0,0.0,0.0,0.0,0.23439490445859873
360,T1601.002,"['m1046', 'm1045', 'm1043', 'm1032', 'm1027', 'm1026']",0.0,0.0,0.0,0.0,0.0,0.0,0.0,0.0,0.0,0.0,0.0,0.0,0.0,0.23439490445859873
361,T1601.001,"['m1046', 'm1045', 'm1043', 'm1032', 'm1027', 'm1026']",0.0,0.0,0.0,0.0,0.0,0.0,0.0,0.0,0.0,0.0,0.0,0.0,0.0,0.23439490445859873
362,T1111,['m1017'],0.0,0.0,0.0,0.0,0.0,0.0,0.0,0.0,0.0,0.0,0.08025477707006369,0.0,0.0,0.0
363,T1621,"['m1036', 'm1032', 'm1017']",0.0,0.0,0.0,0.0,0.0,0.0,0.0,0.0,0.0,0.0,0.08025477707006369,0.0,0.0,0.0
364,T1104,['m1031'],0.0,0.0,0.0,0.0,0.0,0.0,0.049681528662420385,0.0,0.0,0.0,0.0,0.0,0.0,0.0
365,T1106,"['m1040', 'm1038']",0.0,0.0,0.0,0.0,0.045859872611464965,0.0,0.0,0.0,0.0,0.0,0.0,0.0,0.0,0.0
366,T1599,"['m1043', 'm1037', 'm1032', 'm1027', 'm1026']",0.0,0.0,0.0,0.0,0.0,0.0,0.0,0.0,0.0,0.0,0.0,0.0,0.0,0.23439490445859873
367,T1599.001,"['m1043', 'm1037', 'm1032', 'm1027', 'm1026']",0.0,0.0,0.0,0.0,0.0,0.0,0.0,0.0,0.0,0.0,0.0,0.0,0.0,0.23439490445859873
368,T1498,['m1037'],0.0,0.0,0.0,0.033121019108280254,0.0,0.0,0.0,0.0,0.0,0.0,0.0,0.0,0.0,0.0
369,T1498.001,['m1037'],0.0,0.0,0.0,0.033121019108280254,0.0,0.0,0.0,0.0,0.0,0.0,0.0,0.0,0.0,0.0
370,T1498.002,['m1037'],0.0,0.0,0.0,0.033121019108280254,0.0,0.0,0.0,0.0,0.0,0.0,0.0,0.0,0.0,0.0
371,T1046,"['m1042', 'm1031', 'm1030']",0.0,0.0,0.0,0.0,0.0,0.0,0.0,0.0,0.05605095541401274,0.0,0.0,0.0,0.0,0.0
372,T1135,['m1028'],0.0,0.0,0.0,0.0,0.0,0.0,0.0,0.0,0.05605095541401274,0.0,0.0,0.0,0.0,0.0
373,T1040,"['m1041', 'm1032', 'm1018']",0.0,0.0,0.0,0.0,0.0,0.0,0.0,0.0,0.05605095541401274,0.0,0.08025477707006369,0.0,0.0,0.0
374,T1095,"['m1037', 'm1031', 'm1030']",0.0,0.0,0.0,0.0,0.0,0.0,0.049681528662420385,0.0,0.0,0.0,0.0,0.0,0.0,0.0
375,T1571,"['m1031', 'm1030']",0.0,0.0,0.0,0.0,0.0,0.0,0.049681528662420385,0.0,0.0,0.0,0.0,0.0,0.0,0.0
376,T1003,"['m1015', 'm1040', 'm1043', 'm1041', 'm1028', 'm1027', 'm1026', 'm1025', 'm1017']",0.0,0.0,0.0,0.0,0.0,0.0,0.0,0.0,0.0,0.0,0.08025477707006369,0.0,0.0,0.0
377,T1003.008,"['m1027', 'm1026']",0.0,0.0,0.0,0.0,0.0,0.0,0.0,0.0,0.0,0.0,0.08025477707006369,0.0,0.0,0.0
378,T1003.005,"['m1015', 'm1028', 'm1027', 'm1026', 'm1017']",0.0,0.0,0.0,0.0,0.0,0.0,0.0,0.0,0.0,0.0,0.08025477707006369,0.0,0.0,0.0
379,T1003.006,"['m1015', 'm1027', 'm1026']",0.0,0.0,0.0,0.0,0.0,0.0,0.0,0.0,0.0,0.0,0.08025477707006369,0.0,0.0,0.0
380,T1003.004,"['m1027', 'm1026', 'm1017']",0.0,0.0,0.0,0.0,0.0,0.0,0.0,0.0,0.0,0.0,0.08025477707006369,0.0,0.0,0.0
381,T1003.001,"['m1040', 'm1043', 'm1028', 'm1027', 'm1026', 'm1025', 'm1017']",0.0,0.0,0.0,0.0,0.0,0.0,0.0,0.0,0.0,0.0,0.08025477707006369,0.0,0.0,0.0
382,T1003.003,"['m1041', 'm1027', 'm1026', 'm1017']",0.0,0.0,0.0,0.0,0.0,0.0,0.0,0.0,0.0,0.0,0.08025477707006369,0.0,0.0,0.0
383,T1003.007,"['m1027', 'm1026']",0.0,0.0,0.0,0.0,0.0,0.0,0.0,0.0,0.0,0.0,0.08025477707006369,0.0,0.0,0.0
384,T1003.002,"['m1028', 'm1027', 'm1026', 'm1017']",0.0,0.0,0.0,0.0,0.0,0.0,0.0,0.0,0.0,0.0,0.08025477707006369,0.0,0.0,0.0
385,T1027,"['m1049', 'm1047', 'm1040']",0.0,0.0,0.0,0.0,0.0,0.0,0.0,0.0,0.0,0.0,0.0,0.0,0.0,0.23439490445859873
386,T1027.001,,0.0,0.0,0.0,0.0,0.0,0.0,0.0,0.0,0.0,0.0,0.0,0.0,0.0,0.23439490445859873
387,T1027.010,"['m1049', 'm1040']",0.0,0.0,0.0,0.0,0.0,0.0,0.0,0.0,0.0,0.0,0.0,0.0,0.0,0.23439490445859873
388,T1027.004,,0.0,0.0,0.0,0.0,0.0,0.0,0.0,0.0,0.0,0.0,0.0,0.0,0.0,0.23439490445859873
389,T1027.007,,0.0,0.0,0.0,0.0,0.0,0.0,0.0,0.0,0.0,0.0,0.0,0.0,0.0,0.23439490445859873
390,T1027.009,"['m1049', 'm1040']",0.0,0.0,0.0,0.0,0.0,0.0,0.0,0.0,0.0,0.0,0.0,0.0,0.0,0.23439490445859873
391,T1027.011,['m1047'],0.0,0.0,0.0,0.0,0.0,0.0,0.0,0.0,0.0,0.0,0.0,0.0,0.0,0.23439490445859873
392,T1027.006,,0.0,0.0,0.0,0.0,0.0,0.0,0.0,0.0,0.0,0.0,0.0,0.0,0.0,0.23439490445859873
393,T1027.005,,0.0,0.0,0.0,0.0,0.0,0.0,0.0,0.0,0.0,0.0,0.0,0.0,0.0,0.23439490445859873
394,T1027.002,['m1049'],0.0,0.0,0.0,0.0,0.0,0.0,0.0,0.0,0.0,0.0,0.0,0.0,0.0,0.23439490445859873
395,T1027.003,,0.0,0.0,0.0,0.0,0.0,0.0,0.0,0.0,0.0,0.0,0.0,0.0,0.0,0.23439490445859873
396,T1027.008,,0.0,0.0,0.0,0.0,0.0,0.0,0.0,0.0,0.0,0.0,0.0,0.0,0.0,0.23439490445859873
397,T1588,['m1056'],0.0,0.0,0.0,0.0,0.0,0.0,0.0,0.0,0.0,0.05732484076433121,0.0,0.0,0.0,0.0
398,T1588.003,['m1056'],0.0,0.0,0.0,0.0,0.0,0.0,0.0,0.0,0.0,0.05732484076433121,0.0,0.0,0.0,0.0
399,T1588.004,['m1056'],0.0,0.0,0.0,0.0,0.0,0.0,0.0,0.0,0.0,0.05732484076433121,0.0,0.0,0.0,0.0
400,T1588.005,['m1056'],0.0,0.0,0.0,0.0,0.0,0.0,0.0,0.0,0.0,0.05732484076433121,0.0,0.0,0.0,0.0
401,T1588.001,['m1056'],0.0,0.0,0.0,0.0,0.0,0.0,0.0,0.0,0.0,0.05732484076433121,0.0,0.0,0.0,0.0
402,T1588.002,['m1056'],0.0,0.0,0.0,0.0,0.0,0.0,0.0,0.0,0.0,0.05732484076433121,0.0,0.0,0.0,0.0
403,T1588.006,['m1056'],0.0,0.0,0.0,0.0,0.0,0.0,0.0,0.0,0.0,0.05732484076433121,0.0,0.0,0.0,0.0
404,T1137,"['m1040', 'm1042', 'm1054', 'm1051']",0.0,0.0,0.0,0.0,0.0,0.0,0.0,0.0,0.0,0.0,0.0,0.0,0.14394904458598726,0.0
405,T1137.006,['m1040'],0.0,0.0,0.0,0.0,0.0,0.0,0.0,0.0,0.0,0.0,0.0,0.0,0.14394904458598726,0.0
406,T1137.001,"['m1040', 'm1042']",0.0,0.0,0.0,0.0,0.0,0.0,0.0,0.0,0.0,0.0,0.0,0.0,0.14394904458598726,0.0
407,T1137.002,"['m1040', 'm1054']",0.0,0.0,0.0,0.0,0.0,0.0,0.0,0.0,0.0,0.0,0.0,0.0,0.14394904458598726,0.0
408,T1137.003,"['m1040', 'm1051']",0.0,0.0,0.0,0.0,0.0,0.0,0.0,0.0,0.0,0.0,0.0,0.0,0.14394904458598726,0.0
409,T1137.004,"['m1040', 'm1051']",0.0,0.0,0.0,0.0,0.0,0.0,0.0,0.0,0.0,0.0,0.0,0.0,0.14394904458598726,0.0
410,T1137.005,"['m1040', 'm1051']",0.0,0.0,0.0,0.0,0.0,0.0,0.0,0.0,0.0,0.0,0.0,0.0,0.14394904458598726,0.0
411,T1201,['m1027'],0.0,0.0,0.0,0.0,0.0,0.0,0.0,0.0,0.05605095541401274,0.0,0.0,0.0,0.0,0.0
412,T1120,,0.0,0.0,0.0,0.0,0.0,0.0,0.0,0.0,0.05605095541401274,0.0,0.0,0.0,0.0,0.0
413,T1069,,0.0,0.0,0.0,0.0,0.0,0.0,0.0,0.0,0.05605095541401274,0.0,0.0,0.0,0.0,0.0
414,T1069.003,,0.0,0.0,0.0,0.0,0.0,0.0,0.0,0.0,0.05605095541401274,0.0,0.0,0.0,0.0,0.0
415,T1069.002,,0.0,0.0,0.0,0.0,0.0,0.0,0.0,0.0,0.05605095541401274,0.0,0.0,0.0,0.0,0.0
416,T1069.001,,0.0,0.0,0.0,0.0,0.0,0.0,0.0,0.0,0.05605095541401274,0.0,0.0,0.0,0.0,0.0
417,T1566,"['m1049', 'm1031', 'm1021', 'm1054', 'm1017']",0.0,0.024203821656050957,0.0,0.0,0.0,0.0,0.0,0.0,0.0,0.0,0.0,0.0,0.0,0.0
418,T1598,"['m1054', 'm1017']",0.0,0.0,0.0,0.0,0.0,0.0,0.0,0.05477707006369427,0.0,0.0,0.0,0.0,0.0,0.0
419,T1598.002,"['m1054', 'm1017']",0.0,0.0,0.0,0.0,0.0,0.0,0.0,0.05477707006369427,0.0,0.0,0.0,0.0,0.0,0.0
420,T1598.003,"['m1054', 'm1017']",0.0,0.0,0.0,0.0,0.0,0.0,0.0,0.05477707006369427,0.0,0.0,0.0,0.0,0.0,0.0
421,T1598.001,['m1017'],0.0,0.0,0.0,0.0,0.0,0.0,0.0,0.05477707006369427,0.0,0.0,0.0,0.0,0.0,0.0
422,T1566.001,"['m1049', 'm1031', 'm1021', 'm1054', 'm1017']",0.0,0.024203821656050957,0.0,0.0,0.0,0.0,0.0,0.0,0.0,0.0,0.0,0.0,0.0,0.0
423,T1566.002,"['m1047', 'm1021', 'm1054', 'm1018', 'm1017']",0.0,0.024203821656050957,0.0,0.0,0.0,0.0,0.0,0.0,0.0,0.0,0.0,0.0,0.0,0.0
424,T1566.003,"['m1049', 'm1021', 'm1017']",0.0,0.024203821656050957,0.0,0.0,0.0,0.0,0.0,0.0,0.0,0.0,0.0,0.0,0.0,0.0
425,T1647,['m1013'],0.0,0.0,0.0,0.0,0.0,0.0,0.0,0.0,0.0,0.0,0.0,0.0,0.0,0.23439490445859873
426,T1542,"['m1046', 'm1026', 'm1051']",0.0,0.0,0.0,0.0,0.0,0.0,0.0,0.0,0.0,0.0,0.0,0.0,0.14394904458598726,0.23439490445859873
427,T1542.003,"['m1046', 'm1026']",0.0,0.0,0.0,0.0,0.0,0.0,0.0,0.0,0.0,0.0,0.0,0.0,0.14394904458598726,0.23439490445859873
428,T1542.002,['m1051'],0.0,0.0,0.0,0.0,0.0,0.0,0.0,0.0,0.0,0.0,0.0,0.0,0.14394904458598726,0.23439490445859873
429,T1542.004,"['m1047', 'm1046', 'm1031']",0.0,0.0,0.0,0.0,0.0,0.0,0.0,0.0,0.0,0.0,0.0,0.0,0.14394904458598726,0.23439490445859873
430,T1542.001,"['m1046', 'm1026', 'm1051']",0.0,0.0,0.0,0.0,0.0,0.0,0.0,0.0,0.0,0.0,0.0,0.0,0.14394904458598726,0.23439490445859873
431,T1542.005,"['m1047', 'm1046', 'm1035', 'm1031', 'm1028', 'm1026']",0.0,0.0,0.0,0.0,0.0,0.0,0.0,0.0,0.0,0.0,0.0,0.0,0.14394904458598726,0.23439490445859873
432,T1057,,0.0,0.0,0.0,0.0,0.0,0.0,0.0,0.0,0.05605095541401274,0.0,0.0,0.0,0.0,0.0
433,T1055,"['m1040', 'm1026']",0.0,0.0,0.0,0.0,0.0,0.0,0.0,0.0,0.0,0.0,0.0,0.12229299363057325,0.0,0.23439490445859873
434,T1055.004,['m1040'],0.0,0.0,0.0,0.0,0.0,0.0,0.0,0.0,0.0,0.0,0.0,0.12229299363057325,0.0,0.23439490445859873
435,T1055.001,['m1040'],0.0,0.0,0.0,0.0,0.0,0.0,0.0,0.0,0.0,0.0,0.0,0.12229299363057325,0.0,0.23439490445859873
436,T1055.011,['m1040'],0.0,0.0,0.0,0.0,0.0,0.0,0.0,0.0,0.0,0.0,0.0,0.12229299363057325,0.0,0.23439490445859873
437,T1055.015,['m1040'],0.0,0.0,0.0,0.0,0.0,0.0,0.0,0.0,0.0,0.0,0.0,0.12229299363057325,0.0,0.23439490445859873
438,T1055.002,['m1040'],0.0,0.0,0.0,0.0,0.0,0.0,0.0,0.0,0.0,0.0,0.0,0.12229299363057325,0.0,0.23439490445859873
439,T1055.009,"['m1040', 'm1022']",0.0,0.0,0.0,0.0,0.0,0.0,0.0,0.0,0.0,0.0,0.0,0.12229299363057325,0.0,0.23439490445859873
440,T1055.013,['m1040'],0.0,0.0,0.0,0.0,0.0,0.0,0.0,0.0,0.0,0.0,0.0,0.12229299363057325,0.0,0.23439490445859873
441,T1055.012,['m1040'],0.0,0.0,0.0,0.0,0.0,0.0,0.0,0.0,0.0,0.0,0.0,0.12229299363057325,0.0,0.23439490445859873
442,T1055.008,"['m1040', 'm1026']",0.0,0.0,0.0,0.0,0.0,0.0,0.0,0.0,0.0,0.0,0.0,0.12229299363057325,0.0,0.23439490445859873
443,T1055.003,['m1040'],0.0,0.0,0.0,0.0,0.0,0.0,0.0,0.0,0.0,0.0,0.0,0.12229299363057325,0.0,0.23439490445859873
444,T1055.005,['m1040'],0.0,0.0,0.0,0.0,0.0,0.0,0.0,0.0,0.0,0.0,0.0,0.12229299363057325,0.0,0.23439490445859873
445,T1055.014,['m1040'],0.0,0.0,0.0,0.0,0.0,0.0,0.0,0.0,0.0,0.0,0.0,0.12229299363057325,0.0,0.23439490445859873
446,T1572,"['m1037', 'm1031']",0.0,0.0,0.0,0.0,0.0,0.0,0.049681528662420385,0.0,0.0,0.0,0.0,0.0,0.0,0.0
447,T1090,"['m1037', 'm1031', 'm1020']",0.0,0.0,0.0,0.0,0.0,0.0,0.049681528662420385,0.0,0.0,0.0,0.0,0.0,0.0,0.0
448,T1090.004,['m1020'],0.0,0.0,0.0,0.0,0.0,0.0,0.049681528662420385,0.0,0.0,0.0,0.0,0.0,0.0,0.0
449,T1090.002,['m1031'],0.0,0.0,0.0,0.0,0.0,0.0,0.049681528662420385,0.0,0.0,0.0,0.0,0.0,0.0,0.0
450,T1090.001,['m1031'],0.0,0.0,0.0,0.0,0.0,0.0,0.049681528662420385,0.0,0.0,0.0,0.0,0.0,0.0,0.0
451,T1090.003,['m1037'],0.0,0.0,0.0,0.0,0.0,0.0,0.049681528662420385,0.0,0.0,0.0,0.0,0.0,0.0,0.0
452,T1012,,0.0,0.0,0.0,0.0,0.0,0.0,0.0,0.0,0.05605095541401274,0.0,0.0,0.0,0.0,0.0
453,T1620,,0.0,0.0,0.0,0.0,0.0,0.0,0.0,0.0,0.0,0.0,0.0,0.0,0.0,0.23439490445859873
454,T1219,"['m1038', 'm1037', 'm1031']",0.0,0.0,0.0,0.0,0.0,0.0,0.049681528662420385,0.0,0.0,0.0,0.0,0.0,0.0,0.0
455,T1563,"['m1042', 'm1030', 'm1026', 'm1018']",0.0,0.0,0.02802547770700637,0.0,0.0,0.0,0.0,0.0,0.0,0.0,0.0,0.0,0.0,0.0
456,T1563.002,"['m1047', 'm1042', 'm1035', 'm1030', 'm1028', 'm1026', 'm1018']",0.0,0.0,0.02802547770700637,0.0,0.0,0.0,0.0,0.0,0.0,0.0,0.0,0.0,0.0,0.0
457,T1563.001,"['m1042', 'm1027', 'm1026', 'm1022']",0.0,0.0,0.02802547770700637,0.0,0.0,0.0,0.0,0.0,0.0,0.0,0.0,0.0,0.0,0.0
458,T1021,"['m1032', 'm1018']",0.0,0.0,0.02802547770700637,0.0,0.0,0.0,0.0,0.0,0.0,0.0,0.0,0.0,0.0,0.0
459,T1021.007,"['m1032', 'm1026']",0.0,0.0,0.02802547770700637,0.0,0.0,0.0,0.0,0.0,0.0,0.0,0.0,0.0,0.0,0.0
460,T1021.003,"['m1048', 'm1042', 'm1030', 'm1026']",0.0,0.0,0.02802547770700637,0.0,0.0,0.0,0.0,0.0,0.0,0.0,0.0,0.0,0.0,0.0
461,T1021.001,"['m1047', 'm1042', 'm1035', 'm1032', 'm1030', 'm1028', 'm1026', 'm1018']",0.0,0.0,0.02802547770700637,0.0,0.0,0.0,0.0,0.0,0.0,0.0,0.0,0.0,0.0,0.0
462,T1021.002,"['m1037', 'm1035', 'm1027', 'm1026']",0.0,0.0,0.02802547770700637,0.0,0.0,0.0,0.0,0.0,0.0,0.0,0.0,0.0,0.0,0.0
463,T1021.004,"['m1042', 'm1032', 'm1018']",0.0,0.0,0.02802547770700637,0.0,0.0,0.0,0.0,0.0,0.0,0.0,0.0,0.0,0.0,0.0
464,T1021.005,"['m1047', 'm1042', 'm1037', 'm1033']",0.0,0.0,0.02802547770700637,0.0,0.0,0.0,0.0,0.0,0.0,0.0,0.0,0.0,0.0,0.0
465,T1021.006,"['m1042', 'm1030', 'm1026']",0.0,0.0,0.02802547770700637,0.0,0.0,0.0,0.0,0.0,0.0,0.0,0.0,0.0,0.0,0.0
466,T1018,,0.0,0.0,0.0,0.0,0.0,0.0,0.0,0.0,0.05605095541401274,0.0,0.0,0.0,0.0,0.0
467,T1091,"['m1040', 'm1042', 'm1034']",0.0,0.024203821656050957,0.02802547770700637,0.0,0.0,0.0,0.0,0.0,0.0,0.0,0.0,0.0,0.0,0.0
468,T1496,,0.0,0.0,0.0,0.033121019108280254,0.0,0.0,0.0,0.0,0.0,0.0,0.0,0.0,0.0,0.0
469,T1207,,0.0,0.0,0.0,0.0,0.0,0.0,0.0,0.0,0.0,0.0,0.0,0.0,0.0,0.23439490445859873
470,T1014,,0.0,0.0,0.0,0.0,0.0,0.0,0.0,0.0,0.0,0.0,0.0,0.0,0.0,0.23439490445859873
471,T1053,"['m1047', 'm1028', 'm1026', 'm1018']",0.0,0.0,0.0,0.0,0.045859872611464965,0.0,0.0,0.0,0.0,0.0,0.0,0.12229299363057325,0.14394904458598726,0.0
472,T1053.002,"['m1047', 'm1028', 'm1026', 'm1018']",0.0,0.0,0.0,0.0,0.045859872611464965,0.0,0.0,0.0,0.0,0.0,0.0,0.12229299363057325,0.14394904458598726,0.0
473,T1053.007,"['m1026', 'm1018']",0.0,0.0,0.0,0.0,0.045859872611464965,0.0,0.0,0.0,0.0,0.0,0.0,0.12229299363057325,0.14394904458598726,0.0
474,T1053.003,"['m1047', 'm1018']",0.0,0.0,0.0,0.0,0.045859872611464965,0.0,0.0,0.0,0.0,0.0,0.0,0.12229299363057325,0.14394904458598726,0.0
475,T1053.005,"['m1047', 'm1028', 'm1026', 'm1018']",0.0,0.0,0.0,0.0,0.045859872611464965,0.0,0.0,0.0,0.0,0.0,0.0,0.12229299363057325,0.14394904458598726,0.0
476,T1053.006,"['m1026', 'm1022', 'm1018']",0.0,0.0,0.0,0.0,0.045859872611464965,0.0,0.0,0.0,0.0,0.0,0.0,0.12229299363057325,0.14394904458598726,0.0
477,T1029,['m1031'],0.022929936305732482,0.0,0.0,0.0,0.0,0.0,0.0,0.0,0.0,0.0,0.0,0.0,0.0,0.0
478,T1113,,0.0,0.0,0.0,0.0,0.0,0.04713375796178344,0.0,0.0,0.0,0.0,0.0,0.0,0.0,0.0
479,T1597,['m1056'],0.0,0.0,0.0,0.0,0.0,0.0,0.0,0.05477707006369427,0.0,0.0,0.0,0.0,0.0,0.0
480,T1597.002,['m1056'],0.0,0.0,0.0,0.0,0.0,0.0,0.0,0.05477707006369427,0.0,0.0,0.0,0.0,0.0,0.0
481,T1597.001,['m1056'],0.0,0.0,0.0,0.0,0.0,0.0,0.0,0.05477707006369427,0.0,0.0,0.0,0.0,0.0,0.0
482,T1596,['m1056'],0.0,0.0,0.0,0.0,0.0,0.0,0.0,0.05477707006369427,0.0,0.0,0.0,0.0,0.0,0.0
483,T1596.004,['m1056'],0.0,0.0,0.0,0.0,0.0,0.0,0.0,0.05477707006369427,0.0,0.0,0.0,0.0,0.0,0.0
484,T1596.001,['m1056'],0.0,0.0,0.0,0.0,0.0,0.0,0.0,0.05477707006369427,0.0,0.0,0.0,0.0,0.0,0.0
485,T1596.003,['m1056'],0.0,0.0,0.0,0.0,0.0,0.0,0.0,0.05477707006369427,0.0,0.0,0.0,0.0,0.0,0.0
486,T1596.005,['m1056'],0.0,0.0,0.0,0.0,0.0,0.0,0.0,0.05477707006369427,0.0,0.0,0.0,0.0,0.0,0.0
487,T1596.002,['m1056'],0.0,0.0,0.0,0.0,0.0,0.0,0.0,0.05477707006369427,0.0,0.0,0.0,0.0,0.0,0.0
488,T1593,"['m1013', 'm1047']",0.0,0.0,0.0,0.0,0.0,0.0,0.0,0.05477707006369427,0.0,0.0,0.0,0.0,0.0,0.0
489,T1593.003,"['m1013', 'm1047']",0.0,0.0,0.0,0.0,0.0,0.0,0.0,0.05477707006369427,0.0,0.0,0.0,0.0,0.0,0.0
490,T1593.002,['m1056'],0.0,0.0,0.0,0.0,0.0,0.0,0.0,0.05477707006369427,0.0,0.0,0.0,0.0,0.0,0.0
491,T1593.001,['m1056'],0.0,0.0,0.0,0.0,0.0,0.0,0.0,0.05477707006369427,0.0,0.0,0.0,0.0,0.0,0.0
492,T1594,['m1056'],0.0,0.0,0.0,0.0,0.0,0.0,0.0,0.05477707006369427,0.0,0.0,0.0,0.0,0.0,0.0
493,T1505,"['m1047', 'm1045', 'm1042', 'm1026', 'm1024', 'm1018']",0.0,0.0,0.0,0.0,0.0,0.0,0.0,0.0,0.0,0.0,0.0,0.0,0.14394904458598726,0.0
494,T1505.004,"['m1047', 'm1045', 'm1038', 'm1026']",0.0,0.0,0.0,0.0,0.0,0.0,0.0,0.0,0.0,0.0,0.0,0.0,0.14394904458598726,0.0
495,T1505.001,"['m1047', 'm1045', 'm1026']",0.0,0.0,0.0,0.0,0.0,0.0,0.0,0.0,0.0,0.0,0.0,0.0,0.14394904458598726,0.0
496,T1505.005,"['m1047', 'm1024']",0.0,0.0,0.0,0.0,0.0,0.0,0.0,0.0,0.0,0.0,0.0,0.0,0.14394904458598726,0.0
497,T1505.002,"['m1047', 'm1045', 'm1026']",0.0,0.0,0.0,0.0,0.0,0.0,0.0,0.0,0.0,0.0,0.0,0.0,0.14394904458598726,0.0
498,T1505.003,"['m1042', 'm1018']",0.0,0.0,0.0,0.0,0.0,0.0,0.0,0.0,0.0,0.0,0.0,0.0,0.14394904458598726,0.0
499,T1648,['m1018'],0.0,0.0,0.0,0.0,0.045859872611464965,0.0,0.0,0.0,0.0,0.0,0.0,0.0,0.0,0.0
500,T1489,"['m1030', 'm1022', 'm1024', 'm1018']",0.0,0.0,0.0,0.033121019108280254,0.0,0.0,0.0,0.0,0.0,0.0,0.0,0.0,0.0,0.0
501,T1129,['m1038'],0.0,0.0,0.0,0.0,0.045859872611464965,0.0,0.0,0.0,0.0,0.0,0.0,0.0,0.0,0.0
502,T1072,"['m1015', 'm1032', 'm1030', 'm1027', 'm1026', 'm1029', 'm1051', 'm1018', 'm1017']",0.0,0.0,0.02802547770700637,0.0,0.045859872611464965,0.0,0.0,0.0,0.0,0.0,0.0,0.0,0.0,0.0
503,T1518,,0.0,0.0,0.0,0.0,0.0,0.0,0.0,0.0,0.05605095541401274,0.0,0.0,0.0,0.0,0.0
504,T1518.001,,0.0,0.0,0.0,0.0,0.0,0.0,0.0,0.0,0.05605095541401274,0.0,0.0,0.0,0.0,0.0
505,T1608,['m1056'],0.0,0.0,0.0,0.0,0.0,0.0,0.0,0.0,0.0,0.05732484076433121,0.0,0.0,0.0,0.0
506,T1608.004,['m1056'],0.0,0.0,0.0,0.0,0.0,0.0,0.0,0.0,0.0,0.05732484076433121,0.0,0.0,0.0,0.0
507,T1608.003,['m1056'],0.0,0.0,0.0,0.0,0.0,0.0,0.0,0.0,0.0,0.05732484076433121,0.0,0.0,0.0,0.0
508,T1608.005,['m1056'],0.0,0.0,0.0,0.0,0.0,0.0,0.0,0.0,0.0,0.05732484076433121,0.0,0.0,0.0,0.0
509,T1608.006,['m1056'],0.0,0.0,0.0,0.0,0.0,0.0,0.0,0.0,0.0,0.05732484076433121,0.0,0.0,0.0,0.0
510,T1608.001,['m1056'],0.0,0.0,0.0,0.0,0.0,0.0,0.0,0.0,0.0,0.05732484076433121,0.0,0.0,0.0,0.0
511,T1608.002,['m1056'],0.0,0.0,0.0,0.0,0.0,0.0,0.0,0.0,0.0,0.05732484076433121,0.0,0.0,0.0,0.0
512,T1528,"['m1047', 'm1021', 'm1018', 'm1017']",0.0,0.0,0.0,0.0,0.0,0.0,0.0,0.0,0.0,0.0,0.08025477707006369,0.0,0.0,0.0
513,T1539,"['m1032', 'm1054', 'm1017']",0.0,0.0,0.0,0.0,0.0,0.0,0.0,0.0,0.0,0.0,0.08025477707006369,0.0,0.0,0.0
514,T1649,"['m1015', 'm1047', 'm1042', 'm1041']",0.0,0.0,0.0,0.0,0.0,0.0,0.0,0.0,0.0,0.0,0.08025477707006369,0.0,0.0,0.0
515,T1558,"['m1015', 'm1041', 'm1027', 'm1026']",0.0,0.0,0.0,0.0,0.0,0.0,0.0,0.0,0.0,0.0,0.08025477707006369,0.0,0.0,0.0
516,T1558.004,"['m1047', 'm1041', 'm1027']",0.0,0.0,0.0,0.0,0.0,0.0,0.0,0.0,0.0,0.0,0.08025477707006369,0.0,0.0,0.0
517,T1558.001,"['m1015', 'm1026']",0.0,0.0,0.0,0.0,0.0,0.0,0.0,0.0,0.0,0.0,0.08025477707006369,0.0,0.0,0.0
518,T1558.003,"['m1041', 'm1027', 'm1026']",0.0,0.0,0.0,0.0,0.0,0.0,0.0,0.0,0.0,0.0,0.08025477707006369,0.0,0.0,0.0
519,T1558.002,"['m1041', 'm1027', 'm1026']",0.0,0.0,0.0,0.0,0.0,0.0,0.0,0.0,0.0,0.0,0.08025477707006369,0.0,0.0,0.0
520,T1553,"['m1038', 'm1028', 'm1024', 'm1054']",0.0,0.0,0.0,0.0,0.0,0.0,0.0,0.0,0.0,0.0,0.0,0.0,0.0,0.23439490445859873
521,T1553.002,,0.0,0.0,0.0,0.0,0.0,0.0,0.0,0.0,0.0,0.0,0.0,0.0,0.0,0.23439490445859873
522,T1553.006,"['m1046', 'm1026', 'm1024']",0.0,0.0,0.0,0.0,0.0,0.0,0.0,0.0,0.0,0.0,0.0,0.0,0.0,0.23439490445859873
523,T1553.001,['m1038'],0.0,0.0,0.0,0.0,0.0,0.0,0.0,0.0,0.0,0.0,0.0,0.0,0.0,0.23439490445859873
524,T1553.004,"['m1028', 'm1054']",0.0,0.0,0.0,0.0,0.0,0.0,0.0,0.0,0.0,0.0,0.0,0.0,0.0,0.23439490445859873
525,T1553.005,"['m1042', 'm1038']",0.0,0.0,0.0,0.0,0.0,0.0,0.0,0.0,0.0,0.0,0.0,0.0,0.0,0.23439490445859873
526,T1553.003,"['m1038', 'm1022', 'm1024']",0.0,0.0,0.0,0.0,0.0,0.0,0.0,0.0,0.0,0.0,0.0,0.0,0.0,0.23439490445859873
527,T1195,"['m1051', 'm1016']",0.0,0.024203821656050957,0.0,0.0,0.0,0.0,0.0,0.0,0.0,0.0,0.0,0.0,0.0,0.0
528,T1195.003,['m1046'],0.0,0.024203821656050957,0.0,0.0,0.0,0.0,0.0,0.0,0.0,0.0,0.0,0.0,0.0,0.0
529,T1195.001,"['m1051', 'm1016']",0.0,0.024203821656050957,0.0,0.0,0.0,0.0,0.0,0.0,0.0,0.0,0.0,0.0,0.0,0.0
530,T1195.002,"['m1051', 'm1016']",0.0,0.024203821656050957,0.0,0.0,0.0,0.0,0.0,0.0,0.0,0.0,0.0,0.0,0.0,0.0
531,T1218,"['m1042', 'm1038', 'm1050', 'm1026']",0.0,0.0,0.0,0.0,0.0,0.0,0.0,0.0,0.0,0.0,0.0,0.0,0.0,0.23439490445859873
532,T1218.003,"['m1042', 'm1038']",0.0,0.0,0.0,0.0,0.0,0.0,0.0,0.0,0.0,0.0,0.0,0.0,0.0,0.23439490445859873
533,T1218.001,"['m1038', 'm1021']",0.0,0.0,0.0,0.0,0.0,0.0,0.0,0.0,0.0,0.0,0.0,0.0,0.0,0.23439490445859873
534,T1218.002,"['m1038', 'm1022']",0.0,0.0,0.0,0.0,0.0,0.0,0.0,0.0,0.0,0.0,0.0,0.0,0.0,0.23439490445859873
535,T1218.004,"['m1042', 'm1038']",0.0,0.0,0.0,0.0,0.0,0.0,0.0,0.0,0.0,0.0,0.0,0.0,0.0,0.23439490445859873
536,T1218.014,"['m1042', 'm1038']",0.0,0.0,0.0,0.0,0.0,0.0,0.0,0.0,0.0,0.0,0.0,0.0,0.0,0.23439490445859873
537,T1218.013,"['m1042', 'm1038']",0.0,0.0,0.0,0.0,0.0,0.0,0.0,0.0,0.0,0.0,0.0,0.0,0.0,0.23439490445859873
538,T1218.005,"['m1042', 'm1038']",0.0,0.0,0.0,0.0,0.0,0.0,0.0,0.0,0.0,0.0,0.0,0.0,0.0,0.23439490445859873
539,T1218.007,"['m1042', 'm1026']",0.0,0.0,0.0,0.0,0.0,0.0,0.0,0.0,0.0,0.0,0.0,0.0,0.0,0.23439490445859873
540,T1218.008,"['m1042', 'm1038']",0.0,0.0,0.0,0.0,0.0,0.0,0.0,0.0,0.0,0.0,0.0,0.0,0.0,0.23439490445859873
541,T1218.009,"['m1042', 'm1038']",0.0,0.0,0.0,0.0,0.0,0.0,0.0,0.0,0.0,0.0,0.0,0.0,0.0,0.23439490445859873
542,T1218.010,['m1050'],0.0,0.0,0.0,0.0,0.0,0.0,0.0,0.0,0.0,0.0,0.0,0.0,0.0,0.23439490445859873
543,T1218.011,['m1050'],0.0,0.0,0.0,0.0,0.0,0.0,0.0,0.0,0.0,0.0,0.0,0.0,0.0,0.23439490445859873
544,T1218.012,"['m1042', 'm1038', 'm1037']",0.0,0.0,0.0,0.0,0.0,0.0,0.0,0.0,0.0,0.0,0.0,0.0,0.0,0.23439490445859873
545,T1082,,0.0,0.0,0.0,0.0,0.0,0.0,0.0,0.0,0.05605095541401274,0.0,0.0,0.0,0.0,0.0
546,T1614,,0.0,0.0,0.0,0.0,0.0,0.0,0.0,0.0,0.05605095541401274,0.0,0.0,0.0,0.0,0.0
547,T1614.001,,0.0,0.0,0.0,0.0,0.0,0.0,0.0,0.0,0.05605095541401274,0.0,0.0,0.0,0.0,0.0
548,T1016,,0.0,0.0,0.0,0.0,0.0,0.0,0.0,0.0,0.05605095541401274,0.0,0.0,0.0,0.0,0.0
549,T1016.001,,0.0,0.0,0.0,0.0,0.0,0.0,0.0,0.0,0.05605095541401274,0.0,0.0,0.0,0.0,0.0
550,T1049,,0.0,0.0,0.0,0.0,0.0,0.0,0.0,0.0,0.05605095541401274,0.0,0.0,0.0,0.0,0.0
551,T1033,,0.0,0.0,0.0,0.0,0.0,0.0,0.0,0.0,0.05605095541401274,0.0,0.0,0.0,0.0,0.0
552,T1216,['m1038'],0.0,0.0,0.0,0.0,0.0,0.0,0.0,0.0,0.0,0.0,0.0,0.0,0.0,0.23439490445859873
553,T1216.001,"['m1040', 'm1038']",0.0,0.0,0.0,0.0,0.0,0.0,0.0,0.0,0.0,0.0,0.0,0.0,0.0,0.23439490445859873
554,T1007,,0.0,0.0,0.0,0.0,0.0,0.0,0.0,0.0,0.05605095541401274,0.0,0.0,0.0,0.0,0.0
555,T1569,"['m1040', 'm1026', 'm1022', 'm1018']",0.0,0.0,0.0,0.0,0.045859872611464965,0.0,0.0,0.0,0.0,0.0,0.0,0.0,0.0,0.0
556,T1569.001,['m1018'],0.0,0.0,0.0,0.0,0.045859872611464965,0.0,0.0,0.0,0.0,0.0,0.0,0.0,0.0,0.0
557,T1569.002,"['m1040', 'm1026', 'm1022']",0.0,0.0,0.0,0.0,0.045859872611464965,0.0,0.0,0.0,0.0,0.0,0.0,0.0,0.0,0.0
558,T1529,,0.0,0.0,0.0,0.033121019108280254,0.0,0.0,0.0,0.0,0.0,0.0,0.0,0.0,0.0,0.0
559,T1124,,0.0,0.0,0.0,0.0,0.0,0.0,0.0,0.0,0.05605095541401274,0.0,0.0,0.0,0.0,0.0
560,T1080,"['m1038', 'm1050', 'm1022']",0.0,0.0,0.02802547770700637,0.0,0.0,0.0,0.0,0.0,0.0,0.0,0.0,0.0,0.0,0.0
561,T1221,"['m1049', 'm1042', 'm1031', 'm1017']",0.0,0.0,0.0,0.0,0.0,0.0,0.0,0.0,0.0,0.0,0.0,0.0,0.0,0.23439490445859873
562,T1205,"['m1042', 'm1037']",0.0,0.0,0.0,0.0,0.0,0.0,0.049681528662420385,0.0,0.0,0.0,0.0,0.0,0.14394904458598726,0.23439490445859873
563,T1205.001,['m1037'],0.0,0.0,0.0,0.0,0.0,0.0,0.049681528662420385,0.0,0.0,0.0,0.0,0.0,0.14394904458598726,0.23439490445859873
564,T1205.002,['m1037'],0.0,0.0,0.0,0.0,0.0,0.0,0.049681528662420385,0.0,0.0,0.0,0.0,0.0,0.14394904458598726,0.23439490445859873
565,T1537,"['m1037', 'm1027', 'm1018']",0.022929936305732482,0.0,0.0,0.0,0.0,0.0,0.0,0.0,0.0,0.0,0.0,0.0,0.0,0.0
566,T1127,"['m1042', 'm1038']",0.0,0.0,0.0,0.0,0.0,0.0,0.0,0.0,0.0,0.0,0.0,0.0,0.0,0.23439490445859873
567,T1127.001,"['m1042', 'm1038']",0.0,0.0,0.0,0.0,0.0,0.0,0.0,0.0,0.0,0.0,0.0,0.0,0.0,0.23439490445859873
568,T1199,"['m1032', 'm1030', 'm1018']",0.0,0.024203821656050957,0.0,0.0,0.0,0.0,0.0,0.0,0.0,0.0,0.0,0.0,0.0,0.0
569,T1552,"['m1015', 'm1047', 'm1041', 'm1037', 'm1035', 'm1028', 'm1027', 'm1026', 'm1022', 'm1051', 'm1017']",0.0,0.0,0.0,0.0,0.0,0.0,0.0,0.0,0.0,0.0,0.08025477707006369,0.0,0.0,0.0
570,T1552.003,['m1028'],0.0,0.0,0.0,0.0,0.0,0.0,0.0,0.0,0.0,0.0,0.08025477707006369,0.0,0.0,0.0
571,T1552.008,"['m1047', 'm1017']",0.0,0.0,0.0,0.0,0.0,0.0,0.0,0.0,0.0,0.0,0.08025477707006369,0.0,0.0,0.0
572,T1552.005,"['m1042', 'm1037', 'm1035']",0.0,0.0,0.0,0.0,0.0,0.0,0.0,0.0,0.0,0.0,0.08025477707006369,0.0,0.0,0.0
573,T1552.007,"['m1035', 'm1030', 'm1026', 'm1018']",0.0,0.0,0.0,0.0,0.0,0.0,0.0,0.0,0.0,0.0,0.08025477707006369,0.0,0.0,0.0
574,T1552.001,"['m1047', 'm1027', 'm1022', 'm1017']",0.0,0.0,0.0,0.0,0.0,0.0,0.0,0.0,0.0,0.0,0.08025477707006369,0.0,0.0,0.0
575,T1552.002,"['m1047', 'm1027', 'm1026']",0.0,0.0,0.0,0.0,0.0,0.0,0.0,0.0,0.0,0.0,0.08025477707006369,0.0,0.0,0.0
576,T1552.006,"['m1015', 'm1047', 'm1051']",0.0,0.0,0.0,0.0,0.0,0.0,0.0,0.0,0.0,0.0,0.08025477707006369,0.0,0.0,0.0
577,T1552.004,"['m1047', 'm1041', 'm1027', 'm1022']",0.0,0.0,0.0,0.0,0.0,0.0,0.0,0.0,0.0,0.0,0.08025477707006369,0.0,0.0,0.0
578,T1535,['m1054'],0.0,0.0,0.0,0.0,0.0,0.0,0.0,0.0,0.0,0.0,0.0,0.0,0.0,0.23439490445859873
579,T1550,"['m1026', 'm1018']",0.0,0.0,0.02802547770700637,0.0,0.0,0.0,0.0,0.0,0.0,0.0,0.0,0.0,0.0,0.23439490445859873
580,T1550.001,"['m1047', 'm1041', 'm1021']",0.0,0.0,0.02802547770700637,0.0,0.0,0.0,0.0,0.0,0.0,0.0,0.0,0.0,0.0,0.23439490445859873
581,T1550.002,"['m1026', 'm1051', 'm1052', 'm1018']",0.0,0.0,0.02802547770700637,0.0,0.0,0.0,0.0,0.0,0.0,0.0,0.0,0.0,0.0,0.23439490445859873
582,T1550.003,"['m1015', 'm1027', 'm1026', 'm1018']",0.0,0.0,0.02802547770700637,0.0,0.0,0.0,0.0,0.0,0.0,0.0,0.0,0.0,0.0,0.23439490445859873
583,T1550.004,['m1054'],0.0,0.0,0.02802547770700637,0.0,0.0,0.0,0.0,0.0,0.0,0.0,0.0,0.0,0.0,0.23439490445859873
584,T1204,"['m1040', 'm1038', 'm1031', 'm1021', 'm1017']",0.0,0.0,0.0,0.0,0.045859872611464965,0.0,0.0,0.0,0.0,0.0,0.0,0.0,0.0,0.0
585,T1204.002,"['m1040', 'm1038', 'm1017']",0.0,0.0,0.0,0.0,0.045859872611464965,0.0,0.0,0.0,0.0,0.0,0.0,0.0,0.0,0.0
586,T1204.003,"['m1047', 'm1045', 'm1031', 'm1017']",0.0,0.0,0.0,0.0,0.045859872611464965,0.0,0.0,0.0,0.0,0.0,0.0,0.0,0.0,0.0
587,T1204.001,"['m1031', 'm1021', 'm1017']",0.0,0.0,0.0,0.0,0.045859872611464965,0.0,0.0,0.0,0.0,0.0,0.0,0.0,0.0,0.0
588,T1078,"['m1036', 'm1015', 'm1013', 'm1027', 'm1026', 'm1018', 'm1017']",0.0,0.024203821656050957,0.0,0.0,0.0,0.0,0.0,0.0,0.0,0.0,0.0,0.12229299363057325,0.14394904458598726,0.23439490445859873
589,T1078.004,"['m1036', 'm1015', 'm1032', 'm1027', 'm1026', 'm1018', 'm1017']",0.0,0.024203821656050957,0.0,0.0,0.0,0.0,0.0,0.0,0.0,0.0,0.0,0.12229299363057325,0.14394904458598726,0.23439490445859873
590,T1078.001,['m1027'],0.0,0.024203821656050957,0.0,0.0,0.0,0.0,0.0,0.0,0.0,0.0,0.0,0.12229299363057325,0.14394904458598726,0.23439490445859873
591,T1078.002,"['m1032', 'm1026', 'm1017']",0.0,0.024203821656050957,0.0,0.0,0.0,0.0,0.0,0.0,0.0,0.0,0.0,0.12229299363057325,0.14394904458598726,0.23439490445859873
592,T1078.003,"['m1027', 'm1026']",0.0,0.024203821656050957,0.0,0.0,0.0,0.0,0.0,0.0,0.0,0.0,0.0,0.12229299363057325,0.14394904458598726,0.23439490445859873
593,T1125,,0.0,0.0,0.0,0.0,0.0,0.04713375796178344,0.0,0.0,0.0,0.0,0.0,0.0,0.0,0.0
594,T1497,,0.0,0.0,0.0,0.0,0.0,0.0,0.0,0.0,0.05605095541401274,0.0,0.0,0.0,0.0,0.23439490445859873
595,T1497.001,,0.0,0.0,0.0,0.0,0.0,0.0,0.0,0.0,0.05605095541401274,0.0,0.0,0.0,0.0,0.23439490445859873
596,T1497.003,,0.0,0.0,0.0,0.0,0.0,0.0,0.0,0.0,0.05605095541401274,0.0,0.0,0.0,0.0,0.23439490445859873
597,T1497.002,,0.0,0.0,0.0,0.0,0.0,0.0,0.0,0.0,0.05605095541401274,0.0,0.0,0.0,0.0,0.23439490445859873
598,T1600,,0.0,0.0,0.0,0.0,0.0,0.0,0.0,0.0,0.0,0.0,0.0,0.0,0.0,0.23439490445859873
599,T1600.002,,0.0,0.0,0.0,0.0,0.0,0.0,0.0,0.0,0.0,0.0,0.0,0.0,0.0,0.23439490445859873
600,T1600.001,,0.0,0.0,0.0,0.0,0.0,0.0,0.0,0.0,0.0,0.0,0.0,0.0,0.0,0.23439490445859873
601,T1102,"['m1031', 'm1021']",0.0,0.0,0.0,0.0,0.0,0.0,0.049681528662420385,0.0,0.0,0.0,0.0,0.0,0.0,0.0
602,T1102.002,"['m1031', 'm1021']",0.0,0.0,0.0,0.0,0.0,0.0,0.049681528662420385,0.0,0.0,0.0,0.0,0.0,0.0,0.0
603,T1102.001,"['m1031', 'm1021']",0.0,0.0,0.0,0.0,0.0,0.0,0.049681528662420385,0.0,0.0,0.0,0.0,0.0,0.0,0.0
604,T1102.003,"['m1031', 'm1021']",0.0,0.0,0.0,0.0,0.0,0.0,0.049681528662420385,0.0,0.0,0.0,0.0,0.0,0.0,0.0
605,T1047,"['m1040', 'm1038', 'm1026', 'm1018']",0.0,0.0,0.0,0.0,0.045859872611464965,0.0,0.0,0.0,0.0,0.0,0.0,0.0,0.0,0.0
606,T1220,['m1038'],0.0,0.0,0.0,0.0,0.0,0.0,0.0,0.0,0.0,0.0,0.0,0.0,0.0,0.23439490445859873
