,technique_ID,tactics,0.0007762104868713364,0.012526431305371911,0.015138781081876823,0.020893445036267767,0.02279382243515966,0.033451995396268835,0.04130510425309815,0.06208077942239233,0.23072722892856187,0.23137496319691658,0.3289312384572147
0,T1001,Command and Control,0.0,0.0,0.0,0.0,0.0,0.0,0.0,0.0,0.23072722892856187,0.23137496319691658,0.3289312384572147
1,T1001.001,Command and Control,0.0,0.0,0.0,0.0,0.0,0.0,0.0,0.0,0.23072722892856187,0.23137496319691658,0.3289312384572147
2,T1001.002,Command and Control,0.0,0.0,0.0,0.0,0.0,0.0,0.0,0.0,0.23072722892856187,0.23137496319691658,0.3289312384572147
3,T1001.003,Command and Control,0.0,0.0,0.0,0.0,0.0,0.0,0.0,0.0,0.23072722892856187,0.23137496319691658,0.3289312384572147
4,T1003,Credential Access,0.0,0.0,0.0,0.0,0.0,0.0,0.0,0.0,0.23072722892856187,0.23137496319691658,0.3289312384572147
5,T1003.001,Credential Access,0.0,0.0,0.0,0.0,0.0,0.0,0.0,0.0,0.0,0.0,0.3289312384572147
6,T1003.002,Credential Access,0.0,0.0,0.0,0.0,0.0,0.0,0.0,0.0,0.0,0.0,0.3289312384572147
7,T1003.003,Credential Access,0.0,0.0,0.0,0.0,0.0,0.0,0.0,0.0,0.0,0.0,0.3289312384572147
8,T1003.004,Credential Access,0.0,0.0,0.0,0.0,0.0,0.0,0.0,0.0,0.0,0.0,0.3289312384572147
9,T1003.005,Credential Access,0.0,0.0,0.0,0.0,0.0,0.0,0.0,0.0,0.0,0.0,0.3289312384572147
10,T1003.006,Credential Access,0.0,0.0,0.0,0.0,0.0,0.0,0.0,0.0,0.0,0.0,0.3289312384572147
11,T1003.007,Credential Access,0.0,0.0,0.0,0.0,0.0,0.0,0.0,0.0,0.23072722892856187,0.0,0.0
12,T1003.008,Credential Access,0.0,0.0,0.0,0.0,0.0,0.0,0.0,0.0,0.23072722892856187,0.0,0.0
13,T1005,Collection,0.0,0.0,0.0,0.0,0.0,0.0,0.0,0.06208077942239233,0.23072722892856187,0.23137496319691658,0.3289312384572147
14,T1006,Defense Evasion,0.0,0.0,0.0,0.0,0.0,0.0,0.0,0.0,0.0,0.0,0.3289312384572147
15,T1007,Discovery,0.0,0.0,0.0,0.0,0.0,0.0,0.0,0.0,0.23072722892856187,0.23137496319691658,0.3289312384572147
16,T1008,Command and Control,0.0,0.0,0.0,0.0,0.0,0.0,0.0,0.0,0.23072722892856187,0.23137496319691658,0.3289312384572147
17,T1010,Discovery,0.0,0.0,0.0,0.0,0.0,0.0,0.0,0.0,0.23072722892856187,0.23137496319691658,0.3289312384572147
18,T1011,Exfiltration,0.0,0.0,0.0,0.0,0.0,0.0,0.0,0.0,0.23072722892856187,0.23137496319691658,0.3289312384572147
19,T1011.001,Exfiltration,0.0,0.0,0.0,0.0,0.0,0.0,0.0,0.0,0.23072722892856187,0.23137496319691658,0.3289312384572147
20,T1012,Discovery,0.0,0.0,0.0,0.0,0.0,0.0,0.0,0.0,0.0,0.0,0.3289312384572147
21,T1014,Defense Evasion,0.0,0.0,0.0,0.0,0.0,0.0,0.0,0.0,0.23072722892856187,0.23137496319691658,0.3289312384572147
22,T1016,Discovery,0.0,0.0,0.0,0.0,0.0,0.0,0.0,0.06208077942239233,0.23072722892856187,0.23137496319691658,0.3289312384572147
23,T1016.001,Discovery,0.0,0.0,0.0,0.0,0.0,0.0,0.0,0.0,0.23072722892856187,0.23137496319691658,0.3289312384572147
24,T1018,Discovery,0.0,0.0,0.0,0.0,0.0,0.0,0.0,0.06208077942239233,0.23072722892856187,0.23137496319691658,0.3289312384572147
25,T1020,Exfiltration,0.0,0.0,0.0,0.0,0.0,0.0,0.0,0.06208077942239233,0.23072722892856187,0.23137496319691658,0.3289312384572147
26,T1020.001,Exfiltration,0.0,0.0,0.0,0.0,0.0,0.0,0.04130510425309815,0.06208077942239233,0.0,0.0,0.0
27,T1021,Lateral Movement,0.0,0.0,0.0,0.0,0.0,0.0,0.0,0.0,0.23072722892856187,0.23137496319691658,0.3289312384572147
28,T1021.001,Lateral Movement,0.0,0.0,0.0,0.0,0.0,0.0,0.0,0.0,0.0,0.0,0.3289312384572147
29,T1021.002,Lateral Movement,0.0,0.0,0.0,0.0,0.0,0.0,0.0,0.0,0.0,0.0,0.3289312384572147
30,T1021.003,Lateral Movement,0.0,0.0,0.0,0.0,0.0,0.0,0.0,0.0,0.0,0.0,0.3289312384572147
31,T1021.004,Lateral Movement,0.0,0.0,0.0,0.0,0.0,0.0,0.0,0.0,0.23072722892856187,0.23137496319691658,0.0
32,T1021.005,Lateral Movement,0.0,0.0,0.0,0.0,0.0,0.0,0.0,0.0,0.23072722892856187,0.23137496319691658,0.3289312384572147
33,T1021.006,Lateral Movement,0.0,0.0,0.0,0.0,0.0,0.0,0.0,0.0,0.0,0.0,0.3289312384572147
34,T1021.007,Lateral Movement,0.0,0.012526431305371911,0.015138781081876823,0.020893445036267767,0.02279382243515966,0.0,0.04130510425309815,0.0,0.0,0.0,0.0
35,T1025,Collection,0.0,0.0,0.0,0.0,0.0,0.0,0.0,0.0,0.23072722892856187,0.23137496319691658,0.3289312384572147
36,T1027,Defense Evasion,0.0,0.0,0.0,0.0,0.0,0.0,0.0,0.0,0.23072722892856187,0.23137496319691658,0.3289312384572147
37,T1027.001,Defense Evasion,0.0,0.0,0.0,0.0,0.0,0.0,0.0,0.0,0.23072722892856187,0.23137496319691658,0.3289312384572147
38,T1027.002,Defense Evasion,0.0,0.0,0.0,0.0,0.0,0.0,0.0,0.0,0.23072722892856187,0.23137496319691658,0.3289312384572147
39,T1027.003,Defense Evasion,0.0,0.0,0.0,0.0,0.0,0.0,0.0,0.0,0.23072722892856187,0.23137496319691658,0.3289312384572147
40,T1027.004,Defense Evasion,0.0,0.0,0.0,0.0,0.0,0.0,0.0,0.0,0.23072722892856187,0.23137496319691658,0.3289312384572147
41,T1027.005,Defense Evasion,0.0,0.0,0.0,0.0,0.0,0.0,0.0,0.0,0.23072722892856187,0.23137496319691658,0.3289312384572147
42,T1027.006,Defense Evasion,0.0,0.0,0.0,0.0,0.0,0.0,0.0,0.0,0.23072722892856187,0.23137496319691658,0.3289312384572147
43,T1027.007,Defense Evasion,0.0,0.0,0.0,0.0,0.0,0.0,0.0,0.0,0.0,0.0,0.3289312384572147
44,T1027.008,Defense Evasion,0.0,0.0,0.0,0.0,0.0,0.0,0.0,0.0,0.23072722892856187,0.23137496319691658,0.3289312384572147
45,T1027.009,Defense Evasion,0.0,0.0,0.0,0.0,0.0,0.0,0.0,0.0,0.23072722892856187,0.23137496319691658,0.3289312384572147
46,T1027.010,Defense Evasion,0.0,0.0,0.0,0.0,0.0,0.0,0.0,0.0,0.23072722892856187,0.23137496319691658,0.3289312384572147
47,T1027.011,Defense Evasion,0.0,0.0,0.0,0.0,0.0,0.0,0.0,0.0,0.0,0.0,0.3289312384572147
48,T1029,Exfiltration,0.0,0.0,0.0,0.0,0.0,0.0,0.0,0.0,0.23072722892856187,0.23137496319691658,0.3289312384572147
49,T1030,Exfiltration,0.0,0.0,0.0,0.0,0.0,0.0,0.0,0.0,0.23072722892856187,0.23137496319691658,0.3289312384572147
50,T1033,Discovery,0.0,0.0,0.0,0.0,0.0,0.0,0.0,0.06208077942239233,0.23072722892856187,0.23137496319691658,0.3289312384572147
51,T1036,Defense Evasion,0.0,0.0,0.0,0.0,0.0,0.033451995396268835,0.0,0.0,0.23072722892856187,0.23137496319691658,0.3289312384572147
52,T1036.001,Defense Evasion,0.0,0.0,0.0,0.0,0.0,0.0,0.0,0.0,0.0,0.23137496319691658,0.3289312384572147
53,T1036.002,Defense Evasion,0.0,0.0,0.0,0.0,0.0,0.0,0.0,0.0,0.23072722892856187,0.23137496319691658,0.3289312384572147
54,T1036.003,Defense Evasion,0.0,0.0,0.0,0.0,0.0,0.0,0.0,0.0,0.23072722892856187,0.23137496319691658,0.3289312384572147
55,T1036.004,Defense Evasion,0.0,0.0,0.0,0.0,0.0,0.0,0.0,0.0,0.23072722892856187,0.23137496319691658,0.3289312384572147
56,T1036.005,Defense Evasion,0.0,0.0,0.0,0.0,0.0,0.033451995396268835,0.0,0.0,0.23072722892856187,0.23137496319691658,0.3289312384572147
57,T1036.006,Defense Evasion,0.0,0.0,0.0,0.0,0.0,0.0,0.0,0.0,0.23072722892856187,0.23137496319691658,0.0
58,T1036.007,Defense Evasion,0.0,0.0,0.0,0.0,0.0,0.0,0.0,0.0,0.0,0.0,0.3289312384572147
59,T1036.008,Defense Evasion,0.0,0.0,0.0,0.0,0.0,0.0,0.0,0.0,0.23072722892856187,0.23137496319691658,0.3289312384572147
60,T1037,"Persistence, Privilege Escalation",0.0,0.0,0.0,0.0,0.0,0.0,0.0,0.0,0.23072722892856187,0.23137496319691658,0.3289312384572147
61,T1037.001,"Persistence, Privilege Escalation",0.0,0.0,0.0,0.0,0.0,0.0,0.0,0.0,0.0,0.0,0.3289312384572147
62,T1037.002,"Persistence, Privilege Escalation",0.0,0.0,0.0,0.0,0.0,0.0,0.0,0.0,0.0,0.23137496319691658,0.0
63,T1037.003,"Persistence, Privilege Escalation",0.0,0.0,0.0,0.0,0.0,0.0,0.0,0.0,0.0,0.0,0.3289312384572147
64,T1037.004,"Persistence, Privilege Escalation",0.0,0.0,0.0,0.0,0.0,0.0,0.0,0.0,0.23072722892856187,0.23137496319691658,0.0
65,T1037.005,"Persistence, Privilege Escalation",0.0,0.0,0.0,0.0,0.0,0.0,0.0,0.0,0.0,0.23137496319691658,0.0
66,T1039,Collection,0.0,0.0,0.0,0.0,0.0,0.0,0.0,0.0,0.23072722892856187,0.23137496319691658,0.3289312384572147
67,T1040,"Credential Access, Discovery",0.0,0.0,0.0,0.0,0.0,0.0,0.04130510425309815,0.06208077942239233,0.23072722892856187,0.23137496319691658,0.3289312384572147
68,T1041,Exfiltration,0.0,0.0,0.0,0.0,0.0,0.0,0.0,0.0,0.23072722892856187,0.23137496319691658,0.3289312384572147
69,T1046,Discovery,0.0,0.0,0.0,0.0,0.0,0.033451995396268835,0.04130510425309815,0.06208077942239233,0.23072722892856187,0.23137496319691658,0.3289312384572147
70,T1047,Execution,0.0,0.0,0.0,0.0,0.0,0.0,0.0,0.0,0.0,0.0,0.3289312384572147
71,T1048,Exfiltration,0.0,0.0,0.015138781081876823,0.020893445036267767,0.02279382243515966,0.0,0.04130510425309815,0.06208077942239233,0.23072722892856187,0.23137496319691658,0.3289312384572147
72,T1048.001,Exfiltration,0.0,0.0,0.0,0.0,0.0,0.0,0.0,0.0,0.23072722892856187,0.23137496319691658,0.3289312384572147
73,T1048.002,Exfiltration,0.0,0.0,0.0,0.0,0.0,0.0,0.0,0.0,0.23072722892856187,0.23137496319691658,0.3289312384572147
74,T1048.003,Exfiltration,0.0,0.0,0.0,0.0,0.0,0.0,0.0,0.06208077942239233,0.23072722892856187,0.23137496319691658,0.3289312384572147
75,T1049,Discovery,0.0,0.0,0.0,0.0,0.0,0.0,0.04130510425309815,0.06208077942239233,0.23072722892856187,0.23137496319691658,0.3289312384572147
76,T1052,Exfiltration,0.0,0.0,0.0,0.0,0.0,0.0,0.0,0.0,0.23072722892856187,0.23137496319691658,0.3289312384572147
77,T1052.001,Exfiltration,0.0,0.0,0.0,0.0,0.0,0.0,0.0,0.0,0.23072722892856187,0.23137496319691658,0.3289312384572147
78,T1053,"Execution, Persistence, Privilege Escalation",0.0,0.0,0.0,0.0,0.0,0.033451995396268835,0.0,0.0,0.23072722892856187,0.23137496319691658,0.3289312384572147
79,T1053.002,"Execution, Persistence, Privilege Escalation",0.0,0.0,0.0,0.0,0.0,0.0,0.0,0.0,0.23072722892856187,0.23137496319691658,0.3289312384572147
80,T1053.003,"Execution, Persistence, Privilege Escalation",0.0,0.0,0.0,0.0,0.0,0.0,0.0,0.0,0.23072722892856187,0.23137496319691658,0.0
81,T1053.005,"Execution, Persistence, Privilege Escalation",0.0,0.0,0.0,0.0,0.0,0.0,0.0,0.0,0.0,0.0,0.3289312384572147
82,T1053.006,"Execution, Persistence, Privilege Escalation",0.0,0.0,0.0,0.0,0.0,0.0,0.0,0.0,0.23072722892856187,0.0,0.0
83,T1053.007,"Execution, Persistence, Privilege Escalation",0.0,0.0,0.0,0.0,0.0,0.033451995396268835,0.0,0.0,0.0,0.0,0.0
84,T1055,"Defense Evasion, Privilege Escalation",0.0,0.0,0.0,0.0,0.0,0.0,0.0,0.0,0.23072722892856187,0.23137496319691658,0.3289312384572147
85,T1055.001,"Defense Evasion, Privilege Escalation",0.0,0.0,0.0,0.0,0.0,0.0,0.0,0.0,0.0,0.0,0.3289312384572147
86,T1055.002,"Defense Evasion, Privilege Escalation",0.0,0.0,0.0,0.0,0.0,0.0,0.0,0.0,0.0,0.0,0.3289312384572147
87,T1055.003,"Defense Evasion, Privilege Escalation",0.0,0.0,0.0,0.0,0.0,0.0,0.0,0.0,0.0,0.0,0.3289312384572147
88,T1055.004,"Defense Evasion, Privilege Escalation",0.0,0.0,0.0,0.0,0.0,0.0,0.0,0.0,0.0,0.0,0.3289312384572147
89,T1055.005,"Defense Evasion, Privilege Escalation",0.0,0.0,0.0,0.0,0.0,0.0,0.0,0.0,0.0,0.0,0.3289312384572147
90,T1055.008,"Defense Evasion, Privilege Escalation",0.0,0.0,0.0,0.0,0.0,0.0,0.0,0.0,0.23072722892856187,0.0,0.0
91,T1055.009,"Defense Evasion, Privilege Escalation",0.0,0.0,0.0,0.0,0.0,0.0,0.0,0.0,0.23072722892856187,0.0,0.0
92,T1055.011,"Defense Evasion, Privilege Escalation",0.0,0.0,0.0,0.0,0.0,0.0,0.0,0.0,0.0,0.0,0.3289312384572147
93,T1055.012,"Defense Evasion, Privilege Escalation",0.0,0.0,0.0,0.0,0.0,0.0,0.0,0.0,0.0,0.0,0.3289312384572147
94,T1055.013,"Defense Evasion, Privilege Escalation",0.0,0.0,0.0,0.0,0.0,0.0,0.0,0.0,0.0,0.0,0.3289312384572147
95,T1055.014,"Defense Evasion, Privilege Escalation",0.0,0.0,0.0,0.0,0.0,0.0,0.0,0.0,0.23072722892856187,0.0,0.0
96,T1055.015,"Defense Evasion, Privilege Escalation",0.0,0.0,0.0,0.0,0.0,0.0,0.0,0.0,0.0,0.0,0.3289312384572147
97,T1056,"Collection, Credential Access",0.0,0.0,0.0,0.0,0.0,0.0,0.0,0.06208077942239233,0.23072722892856187,0.23137496319691658,0.3289312384572147
98,T1056.001,"Collection, Credential Access",0.0,0.0,0.0,0.0,0.0,0.0,0.0,0.06208077942239233,0.23072722892856187,0.23137496319691658,0.3289312384572147
99,T1056.002,"Collection, Credential Access",0.0,0.0,0.0,0.0,0.0,0.0,0.0,0.0,0.23072722892856187,0.23137496319691658,0.3289312384572147
100,T1056.003,"Collection, Credential Access",0.0,0.0,0.0,0.0,0.0,0.0,0.0,0.0,0.23072722892856187,0.23137496319691658,0.3289312384572147
101,T1056.004,"Collection, Credential Access",0.0,0.0,0.0,0.0,0.0,0.0,0.0,0.0,0.0,0.0,0.3289312384572147
102,T1057,Discovery,0.0,0.0,0.0,0.0,0.0,0.0,0.0,0.06208077942239233,0.23072722892856187,0.23137496319691658,0.3289312384572147
103,T1059,Execution,0.0,0.012526431305371911,0.0,0.020893445036267767,0.02279382243515966,0.0,0.04130510425309815,0.06208077942239233,0.23072722892856187,0.23137496319691658,0.3289312384572147
104,T1059.001,Execution,0.0,0.0,0.0,0.0,0.0,0.0,0.0,0.0,0.0,0.0,0.3289312384572147
105,T1059.002,Execution,0.0,0.0,0.0,0.0,0.0,0.0,0.0,0.0,0.0,0.23137496319691658,0.0
106,T1059.003,Execution,0.0,0.0,0.0,0.0,0.0,0.0,0.0,0.0,0.0,0.0,0.3289312384572147
107,T1059.004,Execution,0.0,0.0,0.0,0.0,0.0,0.0,0.0,0.0,0.23072722892856187,0.23137496319691658,0.0
108,T1059.005,Execution,0.0,0.0,0.0,0.0,0.0,0.0,0.0,0.0,0.23072722892856187,0.23137496319691658,0.3289312384572147
109,T1059.006,Execution,0.0,0.0,0.0,0.0,0.0,0.0,0.0,0.0,0.23072722892856187,0.23137496319691658,0.3289312384572147
110,T1059.007,Execution,0.0,0.0,0.0,0.0,0.0,0.0,0.0,0.0,0.23072722892856187,0.23137496319691658,0.3289312384572147
111,T1059.008,Execution,0.0,0.0,0.0,0.0,0.0,0.0,0.0,0.06208077942239233,0.0,0.0,0.0
112,T1059.009,Execution,0.0,0.012526431305371911,0.015138781081876823,0.020893445036267767,0.02279382243515966,0.0,0.04130510425309815,0.0,0.0,0.0,0.0
113,T1068,Privilege Escalation,0.0,0.0,0.0,0.0,0.0,0.033451995396268835,0.0,0.0,0.23072722892856187,0.23137496319691658,0.3289312384572147
114,T1069,Discovery,0.0,0.012526431305371911,0.015138781081876823,0.020893445036267767,0.02279382243515966,0.033451995396268835,0.04130510425309815,0.0,0.23072722892856187,0.23137496319691658,0.3289312384572147
115,T1069.001,Discovery,0.0,0.0,0.0,0.0,0.0,0.0,0.0,0.0,0.23072722892856187,0.23137496319691658,0.3289312384572147
116,T1069.002,Discovery,0.0,0.0,0.0,0.0,0.0,0.0,0.0,0.0,0.23072722892856187,0.23137496319691658,0.3289312384572147
117,T1069.003,Discovery,0.0,0.012526431305371911,0.015138781081876823,0.020893445036267767,0.02279382243515966,0.0,0.04130510425309815,0.0,0.0,0.0,0.0
118,T1070,Defense Evasion,0.0,0.0,0.0,0.020893445036267767,0.02279382243515966,0.033451995396268835,0.0,0.06208077942239233,0.23072722892856187,0.23137496319691658,0.3289312384572147
119,T1070.001,Defense Evasion,0.0,0.0,0.0,0.0,0.0,0.0,0.0,0.0,0.0,0.0,0.3289312384572147
120,T1070.002,Defense Evasion,0.0,0.0,0.0,0.0,0.0,0.0,0.0,0.0,0.23072722892856187,0.23137496319691658,0.0
121,T1070.003,Defense Evasion,0.0,0.0,0.0,0.0,0.0,0.0,0.0,0.06208077942239233,0.23072722892856187,0.23137496319691658,0.3289312384572147
122,T1070.004,Defense Evasion,0.0,0.0,0.0,0.0,0.0,0.0,0.0,0.0,0.23072722892856187,0.23137496319691658,0.3289312384572147
123,T1070.005,Defense Evasion,0.0,0.0,0.0,0.0,0.0,0.0,0.0,0.0,0.0,0.0,0.3289312384572147
124,T1070.006,Defense Evasion,0.0,0.0,0.0,0.0,0.0,0.0,0.0,0.0,0.23072722892856187,0.23137496319691658,0.3289312384572147
125,T1070.007,Defense Evasion,0.0,0.0,0.0,0.0,0.0,0.0,0.0,0.06208077942239233,0.23072722892856187,0.23137496319691658,0.3289312384572147
126,T1070.008,Defense Evasion,0.0,0.0,0.0,0.020893445036267767,0.02279382243515966,0.0,0.0,0.0,0.23072722892856187,0.23137496319691658,0.3289312384572147
127,T1070.009,Defense Evasion,0.0,0.0,0.0,0.0,0.0,0.0,0.0,0.0,0.23072722892856187,0.23137496319691658,0.3289312384572147
128,T1071,Command and Control,0.0,0.0,0.0,0.0,0.0,0.0,0.0,0.0,0.23072722892856187,0.23137496319691658,0.3289312384572147
129,T1071.001,Command and Control,0.0,0.0,0.0,0.0,0.0,0.0,0.0,0.0,0.23072722892856187,0.23137496319691658,0.3289312384572147
130,T1071.002,Command and Control,0.0,0.0,0.0,0.0,0.0,0.0,0.0,0.0,0.23072722892856187,0.23137496319691658,0.3289312384572147
131,T1071.003,Command and Control,0.0,0.0,0.0,0.0,0.0,0.0,0.0,0.0,0.23072722892856187,0.23137496319691658,0.3289312384572147
132,T1071.004,Command and Control,0.0,0.0,0.0,0.0,0.0,0.0,0.0,0.0,0.23072722892856187,0.23137496319691658,0.3289312384572147
133,T1072,"Execution, Lateral Movement",0.0,0.0,0.0,0.0,0.0,0.0,0.0,0.0,0.23072722892856187,0.23137496319691658,0.3289312384572147
134,T1074,Collection,0.0,0.0,0.0,0.0,0.0,0.0,0.04130510425309815,0.0,0.23072722892856187,0.23137496319691658,0.3289312384572147
135,T1074.001,Collection,0.0,0.0,0.0,0.0,0.0,0.0,0.0,0.0,0.23072722892856187,0.23137496319691658,0.3289312384572147
136,T1074.002,Collection,0.0,0.0,0.0,0.0,0.0,0.0,0.04130510425309815,0.0,0.23072722892856187,0.23137496319691658,0.3289312384572147
137,T1078,"Defense Evasion, Initial Access, Persistence, Privilege Escalation",0.0,0.012526431305371911,0.015138781081876823,0.020893445036267767,0.02279382243515966,0.033451995396268835,0.04130510425309815,0.06208077942239233,0.23072722892856187,0.23137496319691658,0.3289312384572147
138,T1078.001,"Defense Evasion, Initial Access, Persistence, Privilege Escalation",0.0,0.012526431305371911,0.015138781081876823,0.020893445036267767,0.02279382243515966,0.033451995396268835,0.04130510425309815,0.0,0.23072722892856187,0.23137496319691658,0.3289312384572147
139,T1078.002,"Defense Evasion, Initial Access, Persistence, Privilege Escalation",0.0,0.0,0.0,0.0,0.0,0.0,0.0,0.0,0.23072722892856187,0.23137496319691658,0.3289312384572147
140,T1078.003,"Defense Evasion, Initial Access, Persistence, Privilege Escalation",0.0,0.0,0.0,0.0,0.0,0.033451995396268835,0.0,0.0,0.23072722892856187,0.23137496319691658,0.3289312384572147
141,T1078.004,"Defense Evasion, Initial Access, Persistence, Privilege Escalation",0.0,0.012526431305371911,0.015138781081876823,0.020893445036267767,0.02279382243515966,0.0,0.04130510425309815,0.0,0.0,0.0,0.0
142,T1080,Lateral Movement,0.0,0.0,0.015138781081876823,0.0,0.02279382243515966,0.0,0.0,0.0,0.23072722892856187,0.23137496319691658,0.3289312384572147
143,T1082,Discovery,0.0,0.0,0.0,0.0,0.0,0.0,0.04130510425309815,0.06208077942239233,0.23072722892856187,0.23137496319691658,0.3289312384572147
144,T1083,Discovery,0.0,0.0,0.0,0.0,0.0,0.0,0.0,0.06208077942239233,0.23072722892856187,0.23137496319691658,0.3289312384572147
145,T1087,Discovery,0.0,0.012526431305371911,0.015138781081876823,0.020893445036267767,0.02279382243515966,0.0,0.04130510425309815,0.0,0.23072722892856187,0.23137496319691658,0.3289312384572147
146,T1087.001,Discovery,0.0,0.0,0.0,0.0,0.0,0.0,0.0,0.0,0.23072722892856187,0.23137496319691658,0.3289312384572147
147,T1087.002,Discovery,0.0,0.0,0.0,0.0,0.0,0.0,0.0,0.0,0.23072722892856187,0.23137496319691658,0.3289312384572147
148,T1087.003,Discovery,0.0,0.0,0.0,0.020893445036267767,0.02279382243515966,0.0,0.0,0.0,0.0,0.0,0.3289312384572147
149,T1087.004,Discovery,0.0,0.012526431305371911,0.015138781081876823,0.020893445036267767,0.02279382243515966,0.0,0.04130510425309815,0.0,0.0,0.0,0.0
150,T1090,Command and Control,0.0,0.0,0.0,0.0,0.0,0.0,0.0,0.06208077942239233,0.23072722892856187,0.23137496319691658,0.3289312384572147
151,T1090.001,Command and Control,0.0,0.0,0.0,0.0,0.0,0.0,0.0,0.0,0.23072722892856187,0.23137496319691658,0.3289312384572147
152,T1090.002,Command and Control,0.0,0.0,0.0,0.0,0.0,0.0,0.0,0.0,0.23072722892856187,0.23137496319691658,0.3289312384572147
153,T1090.003,Command and Control,0.0,0.0,0.0,0.0,0.0,0.0,0.0,0.06208077942239233,0.23072722892856187,0.23137496319691658,0.3289312384572147
154,T1090.004,Command and Control,0.0,0.0,0.0,0.0,0.0,0.0,0.0,0.0,0.23072722892856187,0.23137496319691658,0.3289312384572147
155,T1091,"Initial Access, Lateral Movement",0.0,0.0,0.0,0.0,0.0,0.0,0.0,0.0,0.0,0.0,0.3289312384572147
156,T1092,Command and Control,0.0,0.0,0.0,0.0,0.0,0.0,0.0,0.0,0.23072722892856187,0.23137496319691658,0.3289312384572147
157,T1095,Command and Control,0.0,0.0,0.0,0.0,0.0,0.0,0.0,0.06208077942239233,0.23072722892856187,0.23137496319691658,0.3289312384572147
158,T1098,Persistence,0.0,0.012526431305371911,0.015138781081876823,0.020893445036267767,0.02279382243515966,0.0,0.04130510425309815,0.06208077942239233,0.23072722892856187,0.23137496319691658,0.3289312384572147
159,T1098.001,Persistence,0.0,0.012526431305371911,0.015138781081876823,0.0,0.0,0.0,0.04130510425309815,0.0,0.0,0.0,0.0
160,T1098.002,Persistence,0.0,0.0,0.0,0.020893445036267767,0.02279382243515966,0.0,0.0,0.0,0.0,0.0,0.3289312384572147
161,T1098.003,Persistence,0.0,0.012526431305371911,0.015138781081876823,0.020893445036267767,0.02279382243515966,0.0,0.04130510425309815,0.0,0.0,0.0,0.0
162,T1098.004,Persistence,0.0,0.0,0.0,0.0,0.0,0.0,0.04130510425309815,0.06208077942239233,0.23072722892856187,0.23137496319691658,0.0
163,T1098.005,Persistence,0.0,0.012526431305371911,0.015138781081876823,0.0,0.0,0.0,0.0,0.0,0.0,0.0,0.3289312384572147
164,T1102,Command and Control,0.0,0.0,0.0,0.0,0.0,0.0,0.0,0.0,0.23072722892856187,0.23137496319691658,0.3289312384572147
165,T1102.001,Command and Control,0.0,0.0,0.0,0.0,0.0,0.0,0.0,0.0,0.23072722892856187,0.23137496319691658,0.3289312384572147
166,T1102.002,Command and Control,0.0,0.0,0.0,0.0,0.0,0.0,0.0,0.0,0.23072722892856187,0.23137496319691658,0.3289312384572147
167,T1102.003,Command and Control,0.0,0.0,0.0,0.0,0.0,0.0,0.0,0.0,0.23072722892856187,0.23137496319691658,0.3289312384572147
168,T1104,Command and Control,0.0,0.0,0.0,0.0,0.0,0.0,0.0,0.0,0.23072722892856187,0.23137496319691658,0.3289312384572147
169,T1105,Command and Control,0.0,0.0,0.0,0.0,0.0,0.0,0.0,0.0,0.23072722892856187,0.23137496319691658,0.3289312384572147
170,T1106,Execution,0.0,0.0,0.0,0.0,0.0,0.0,0.0,0.0,0.23072722892856187,0.23137496319691658,0.3289312384572147
171,T1110,Credential Access,0.0,0.012526431305371911,0.015138781081876823,0.020893445036267767,0.02279382243515966,0.033451995396268835,0.04130510425309815,0.06208077942239233,0.23072722892856187,0.23137496319691658,0.3289312384572147
172,T1110.001,Credential Access,0.0,0.012526431305371911,0.015138781081876823,0.020893445036267767,0.02279382243515966,0.033451995396268835,0.04130510425309815,0.06208077942239233,0.23072722892856187,0.23137496319691658,0.3289312384572147
173,T1110.002,Credential Access,0.0,0.012526431305371911,0.0,0.0,0.02279382243515966,0.0,0.0,0.06208077942239233,0.23072722892856187,0.23137496319691658,0.3289312384572147
174,T1110.003,Credential Access,0.0,0.012526431305371911,0.015138781081876823,0.020893445036267767,0.02279382243515966,0.033451995396268835,0.04130510425309815,0.0,0.23072722892856187,0.23137496319691658,0.3289312384572147
175,T1110.004,Credential Access,0.0,0.012526431305371911,0.015138781081876823,0.020893445036267767,0.02279382243515966,0.033451995396268835,0.04130510425309815,0.0,0.23072722892856187,0.23137496319691658,0.3289312384572147
176,T1111,Credential Access,0.0,0.0,0.0,0.0,0.0,0.0,0.0,0.0,0.23072722892856187,0.23137496319691658,0.3289312384572147
177,T1112,Defense Evasion,0.0,0.0,0.0,0.0,0.0,0.0,0.0,0.0,0.0,0.0,0.3289312384572147
178,T1113,Collection,0.0,0.0,0.0,0.0,0.0,0.0,0.0,0.0,0.23072722892856187,0.23137496319691658,0.3289312384572147
179,T1114,Collection,0.0,0.0,0.0,0.020893445036267767,0.02279382243515966,0.0,0.0,0.0,0.23072722892856187,0.23137496319691658,0.3289312384572147
180,T1114.001,Collection,0.0,0.0,0.0,0.0,0.0,0.0,0.0,0.0,0.0,0.0,0.3289312384572147
181,T1114.002,Collection,0.0,0.0,0.0,0.020893445036267767,0.02279382243515966,0.0,0.0,0.0,0.0,0.0,0.3289312384572147
182,T1114.003,Collection,0.0,0.0,0.0,0.020893445036267767,0.02279382243515966,0.0,0.0,0.0,0.23072722892856187,0.23137496319691658,0.3289312384572147
183,T1115,Collection,0.0,0.0,0.0,0.0,0.0,0.0,0.0,0.0,0.23072722892856187,0.23137496319691658,0.3289312384572147
184,T1119,Collection,0.0,0.0,0.015138781081876823,0.0,0.0,0.0,0.04130510425309815,0.0,0.23072722892856187,0.23137496319691658,0.3289312384572147
185,T1120,Discovery,0.0,0.0,0.0,0.0,0.0,0.0,0.0,0.0,0.23072722892856187,0.23137496319691658,0.3289312384572147
186,T1123,Collection,0.0,0.0,0.0,0.0,0.0,0.0,0.0,0.0,0.23072722892856187,0.23137496319691658,0.3289312384572147
187,T1124,Discovery,0.0,0.0,0.0,0.0,0.0,0.0,0.0,0.06208077942239233,0.0,0.0,0.3289312384572147
188,T1125,Collection,0.0,0.0,0.0,0.0,0.0,0.0,0.0,0.0,0.23072722892856187,0.23137496319691658,0.3289312384572147
189,T1127,Defense Evasion,0.0,0.0,0.0,0.0,0.0,0.0,0.0,0.0,0.0,0.0,0.3289312384572147
190,T1127.001,Defense Evasion,0.0,0.0,0.0,0.0,0.0,0.0,0.0,0.0,0.0,0.0,0.3289312384572147
191,T1129,Execution,0.0,0.0,0.0,0.0,0.0,0.0,0.0,0.0,0.0,0.0,0.3289312384572147
192,T1132,Command and Control,0.0,0.0,0.0,0.0,0.0,0.0,0.0,0.0,0.23072722892856187,0.23137496319691658,0.3289312384572147
193,T1132.001,Command and Control,0.0,0.0,0.0,0.0,0.0,0.0,0.0,0.0,0.23072722892856187,0.23137496319691658,0.3289312384572147
194,T1132.002,Command and Control,0.0,0.0,0.0,0.0,0.0,0.0,0.0,0.0,0.23072722892856187,0.23137496319691658,0.3289312384572147
195,T1133,"Initial Access, Persistence",0.0,0.0,0.0,0.0,0.0,0.033451995396268835,0.0,0.0,0.23072722892856187,0.23137496319691658,0.3289312384572147
196,T1134,"Defense Evasion, Privilege Escalation",0.0,0.0,0.0,0.0,0.0,0.0,0.0,0.0,0.0,0.0,0.3289312384572147
197,T1134.001,"Defense Evasion, Privilege Escalation",0.0,0.0,0.0,0.0,0.0,0.0,0.0,0.0,0.0,0.0,0.3289312384572147
198,T1134.002,"Defense Evasion, Privilege Escalation",0.0,0.0,0.0,0.0,0.0,0.0,0.0,0.0,0.0,0.0,0.3289312384572147
199,T1134.003,"Defense Evasion, Privilege Escalation",0.0,0.0,0.0,0.0,0.0,0.0,0.0,0.0,0.0,0.0,0.3289312384572147
200,T1134.004,"Defense Evasion, Privilege Escalation",0.0,0.0,0.0,0.0,0.0,0.0,0.0,0.0,0.0,0.0,0.3289312384572147
201,T1134.005,"Defense Evasion, Privilege Escalation",0.0,0.0,0.0,0.0,0.0,0.0,0.0,0.0,0.0,0.0,0.3289312384572147
202,T1135,Discovery,0.0,0.0,0.0,0.0,0.0,0.0,0.0,0.0,0.23072722892856187,0.23137496319691658,0.3289312384572147
203,T1136,Persistence,0.0,0.012526431305371911,0.0,0.020893445036267767,0.02279382243515966,0.0,0.04130510425309815,0.06208077942239233,0.23072722892856187,0.23137496319691658,0.3289312384572147
204,T1136.001,Persistence,0.0,0.0,0.0,0.0,0.0,0.0,0.0,0.06208077942239233,0.23072722892856187,0.23137496319691658,0.3289312384572147
205,T1136.002,Persistence,0.0,0.0,0.0,0.0,0.0,0.0,0.0,0.0,0.23072722892856187,0.23137496319691658,0.3289312384572147
206,T1136.003,Persistence,0.0,0.012526431305371911,0.015138781081876823,0.020893445036267767,0.02279382243515966,0.0,0.04130510425309815,0.0,0.0,0.0,0.0
207,T1137,Persistence,0.0,0.0,0.0,0.0,0.02279382243515966,0.0,0.0,0.0,0.0,0.0,0.3289312384572147
208,T1137.001,Persistence,0.0,0.0,0.0,0.0,0.02279382243515966,0.0,0.0,0.0,0.0,0.0,0.3289312384572147
209,T1137.002,Persistence,0.0,0.0,0.0,0.0,0.02279382243515966,0.0,0.0,0.0,0.0,0.0,0.3289312384572147
210,T1137.003,Persistence,0.0,0.0,0.0,0.0,0.02279382243515966,0.0,0.0,0.0,0.0,0.0,0.3289312384572147
211,T1137.004,Persistence,0.0,0.0,0.0,0.0,0.02279382243515966,0.0,0.0,0.0,0.0,0.0,0.3289312384572147
212,T1137.005,Persistence,0.0,0.0,0.0,0.0,0.02279382243515966,0.0,0.0,0.0,0.0,0.0,0.3289312384572147
213,T1137.006,Persistence,0.0,0.0,0.0,0.0,0.02279382243515966,0.0,0.0,0.0,0.0,0.0,0.3289312384572147
214,T1140,Defense Evasion,0.0,0.0,0.0,0.0,0.0,0.0,0.0,0.0,0.23072722892856187,0.23137496319691658,0.3289312384572147
215,T1176,Persistence,0.0,0.0,0.0,0.0,0.0,0.0,0.0,0.0,0.23072722892856187,0.23137496319691658,0.3289312384572147
216,T1185,Collection,0.0,0.0,0.0,0.0,0.0,0.0,0.0,0.0,0.0,0.0,0.3289312384572147
217,T1187,Credential Access,0.0,0.0,0.0,0.0,0.0,0.0,0.0,0.0,0.0,0.0,0.3289312384572147
218,T1189,Initial Access,0.0,0.0,0.015138781081876823,0.0,0.0,0.0,0.0,0.0,0.23072722892856187,0.23137496319691658,0.3289312384572147
219,T1190,Initial Access,0.0,0.0,0.0,0.0,0.0,0.033451995396268835,0.04130510425309815,0.06208077942239233,0.23072722892856187,0.23137496319691658,0.3289312384572147
220,T1195,Initial Access,0.0,0.0,0.0,0.0,0.0,0.0,0.0,0.0,0.23072722892856187,0.23137496319691658,0.3289312384572147
221,T1195.001,Initial Access,0.0,0.0,0.0,0.0,0.0,0.0,0.0,0.0,0.23072722892856187,0.23137496319691658,0.3289312384572147
222,T1195.002,Initial Access,0.0,0.0,0.0,0.0,0.0,0.0,0.0,0.0,0.23072722892856187,0.23137496319691658,0.3289312384572147
223,T1195.003,Initial Access,0.0,0.0,0.0,0.0,0.0,0.0,0.0,0.0,0.23072722892856187,0.23137496319691658,0.3289312384572147
224,T1197,"Defense Evasion, Persistence",0.0,0.0,0.0,0.0,0.0,0.0,0.0,0.0,0.0,0.0,0.3289312384572147
225,T1199,Initial Access,0.0,0.0,0.015138781081876823,0.0,0.02279382243515966,0.0,0.04130510425309815,0.0,0.23072722892856187,0.23137496319691658,0.3289312384572147
226,T1200,Initial Access,0.0,0.0,0.0,0.0,0.0,0.0,0.0,0.0,0.23072722892856187,0.23137496319691658,0.3289312384572147
227,T1201,Discovery,0.0,0.0,0.0,0.0,0.0,0.0,0.04130510425309815,0.06208077942239233,0.23072722892856187,0.23137496319691658,0.3289312384572147
228,T1202,Defense Evasion,0.0,0.0,0.0,0.0,0.0,0.0,0.0,0.0,0.0,0.0,0.3289312384572147
229,T1203,Execution,0.0,0.0,0.0,0.0,0.0,0.0,0.0,0.0,0.23072722892856187,0.23137496319691658,0.3289312384572147
230,T1204,Execution,0.0,0.0,0.0,0.0,0.0,0.033451995396268835,0.04130510425309815,0.0,0.23072722892856187,0.23137496319691658,0.3289312384572147
231,T1204.001,Execution,0.0,0.0,0.0,0.0,0.0,0.0,0.0,0.0,0.23072722892856187,0.23137496319691658,0.3289312384572147
232,T1204.002,Execution,0.0,0.0,0.0,0.0,0.0,0.0,0.0,0.0,0.23072722892856187,0.23137496319691658,0.3289312384572147
233,T1204.003,Execution,0.0,0.0,0.0,0.0,0.0,0.033451995396268835,0.04130510425309815,0.0,0.0,0.0,0.0
234,T1205,"Command and Control, Defense Evasion, Persistence",0.0,0.0,0.0,0.0,0.0,0.0,0.0,0.06208077942239233,0.23072722892856187,0.23137496319691658,0.3289312384572147
235,T1205.001,"Command and Control, Defense Evasion, Persistence",0.0,0.0,0.0,0.0,0.0,0.0,0.0,0.06208077942239233,0.23072722892856187,0.23137496319691658,0.3289312384572147
236,T1205.002,"Command and Control, Defense Evasion, Persistence",0.0,0.0,0.0,0.0,0.0,0.0,0.0,0.0,0.23072722892856187,0.23137496319691658,0.3289312384572147
237,T1207,Defense Evasion,0.0,0.0,0.0,0.0,0.0,0.0,0.0,0.0,0.0,0.0,0.3289312384572147
238,T1210,Lateral Movement,0.0,0.0,0.0,0.0,0.0,0.0,0.0,0.0,0.23072722892856187,0.23137496319691658,0.3289312384572147
239,T1211,Defense Evasion,0.0,0.0,0.0,0.0,0.0,0.0,0.0,0.0,0.23072722892856187,0.23137496319691658,0.3289312384572147
240,T1212,Credential Access,0.0,0.0,0.0,0.0,0.0,0.0,0.0,0.0,0.23072722892856187,0.23137496319691658,0.3289312384572147
241,T1213,Collection,0.0,0.0,0.015138781081876823,0.020893445036267767,0.02279382243515966,0.0,0.04130510425309815,0.0,0.23072722892856187,0.23137496319691658,0.3289312384572147
242,T1213.001,Collection,0.0,0.0,0.015138781081876823,0.0,0.0,0.0,0.0,0.0,0.0,0.0,0.0
243,T1213.002,Collection,0.0,0.0,0.0,0.0,0.02279382243515966,0.0,0.0,0.0,0.0,0.0,0.3289312384572147
244,T1213.003,Collection,0.0,0.0,0.015138781081876823,0.0,0.0,0.0,0.0,0.0,0.0,0.0,0.0
245,T1216,Defense Evasion,0.0,0.0,0.0,0.0,0.0,0.0,0.0,0.0,0.0,0.0,0.3289312384572147
246,T1216.001,Defense Evasion,0.0,0.0,0.0,0.0,0.0,0.0,0.0,0.0,0.0,0.0,0.3289312384572147
247,T1217,Discovery,0.0,0.0,0.0,0.0,0.0,0.0,0.0,0.0,0.23072722892856187,0.23137496319691658,0.3289312384572147
248,T1218,Defense Evasion,0.0,0.0,0.0,0.0,0.0,0.0,0.0,0.0,0.23072722892856187,0.23137496319691658,0.3289312384572147
249,T1218.001,Defense Evasion,0.0,0.0,0.0,0.0,0.0,0.0,0.0,0.0,0.0,0.0,0.3289312384572147
250,T1218.002,Defense Evasion,0.0,0.0,0.0,0.0,0.0,0.0,0.0,0.0,0.0,0.0,0.3289312384572147
251,T1218.003,Defense Evasion,0.0,0.0,0.0,0.0,0.0,0.0,0.0,0.0,0.0,0.0,0.3289312384572147
252,T1218.004,Defense Evasion,0.0,0.0,0.0,0.0,0.0,0.0,0.0,0.0,0.0,0.0,0.3289312384572147
253,T1218.005,Defense Evasion,0.0,0.0,0.0,0.0,0.0,0.0,0.0,0.0,0.0,0.0,0.3289312384572147
254,T1218.007,Defense Evasion,0.0,0.0,0.0,0.0,0.0,0.0,0.0,0.0,0.0,0.0,0.3289312384572147
255,T1218.008,Defense Evasion,0.0,0.0,0.0,0.0,0.0,0.0,0.0,0.0,0.0,0.0,0.3289312384572147
256,T1218.009,Defense Evasion,0.0,0.0,0.0,0.0,0.0,0.0,0.0,0.0,0.0,0.0,0.3289312384572147
257,T1218.010,Defense Evasion,0.0,0.0,0.0,0.0,0.0,0.0,0.0,0.0,0.0,0.0,0.3289312384572147
258,T1218.011,Defense Evasion,0.0,0.0,0.0,0.0,0.0,0.0,0.0,0.0,0.0,0.0,0.3289312384572147
259,T1218.012,Defense Evasion,0.0,0.0,0.0,0.0,0.0,0.0,0.0,0.0,0.0,0.0,0.3289312384572147
260,T1218.013,Defense Evasion,0.0,0.0,0.0,0.0,0.0,0.0,0.0,0.0,0.0,0.0,0.3289312384572147
261,T1218.014,Defense Evasion,0.0,0.0,0.0,0.0,0.0,0.0,0.0,0.0,0.0,0.0,0.3289312384572147
262,T1219,Command and Control,0.0,0.0,0.0,0.0,0.0,0.0,0.0,0.0,0.23072722892856187,0.23137496319691658,0.3289312384572147
263,T1220,Defense Evasion,0.0,0.0,0.0,0.0,0.0,0.0,0.0,0.0,0.0,0.0,0.3289312384572147
264,T1221,Defense Evasion,0.0,0.0,0.0,0.0,0.0,0.0,0.0,0.0,0.0,0.0,0.3289312384572147
265,T1222,Defense Evasion,0.0,0.0,0.0,0.0,0.0,0.0,0.0,0.0,0.23072722892856187,0.23137496319691658,0.3289312384572147
266,T1222.001,Defense Evasion,0.0,0.0,0.0,0.0,0.0,0.0,0.0,0.0,0.0,0.0,0.3289312384572147
267,T1222.002,Defense Evasion,0.0,0.0,0.0,0.0,0.0,0.0,0.0,0.0,0.23072722892856187,0.23137496319691658,0.0
268,T1480,Defense Evasion,0.0,0.0,0.0,0.0,0.0,0.0,0.0,0.0,0.23072722892856187,0.23137496319691658,0.3289312384572147
269,T1480.001,Defense Evasion,0.0,0.0,0.0,0.0,0.0,0.0,0.0,0.0,0.23072722892856187,0.23137496319691658,0.3289312384572147
270,T1482,Discovery,0.0,0.0,0.0,0.0,0.0,0.0,0.0,0.0,0.0,0.0,0.3289312384572147
271,T1484,"Defense Evasion, Privilege Escalation",0.0,0.012526431305371911,0.0,0.0,0.0,0.0,0.0,0.0,0.0,0.0,0.3289312384572147
272,T1484.001,"Defense Evasion, Privilege Escalation",0.0,0.0,0.0,0.0,0.0,0.0,0.0,0.0,0.0,0.0,0.3289312384572147
273,T1484.002,"Defense Evasion, Privilege Escalation",0.0,0.012526431305371911,0.0,0.0,0.0,0.0,0.0,0.0,0.0,0.0,0.3289312384572147
274,T1485,Impact,0.0,0.0,0.0,0.0,0.0,0.0,0.04130510425309815,0.0,0.23072722892856187,0.23137496319691658,0.3289312384572147
275,T1486,Impact,0.0,0.0,0.0,0.0,0.0,0.0,0.04130510425309815,0.0,0.23072722892856187,0.23137496319691658,0.3289312384572147
276,T1489,Impact,0.0,0.0,0.0,0.0,0.0,0.0,0.0,0.0,0.23072722892856187,0.23137496319691658,0.3289312384572147
277,T1490,Impact,0.0,0.0,0.0,0.0,0.0,0.0,0.04130510425309815,0.06208077942239233,0.23072722892856187,0.23137496319691658,0.3289312384572147
278,T1491,Impact,0.0,0.0,0.0,0.0,0.0,0.0,0.04130510425309815,0.0,0.23072722892856187,0.23137496319691658,0.3289312384572147
279,T1491.001,Impact,0.0,0.0,0.0,0.0,0.0,0.0,0.0,0.0,0.23072722892856187,0.23137496319691658,0.3289312384572147
280,T1491.002,Impact,0.0,0.0,0.0,0.0,0.0,0.0,0.04130510425309815,0.0,0.23072722892856187,0.23137496319691658,0.3289312384572147
281,T1495,Impact,0.0,0.0,0.0,0.0,0.0,0.0,0.0,0.06208077942239233,0.23072722892856187,0.23137496319691658,0.3289312384572147
282,T1496,Impact,0.0,0.0,0.0,0.0,0.0,0.033451995396268835,0.04130510425309815,0.0,0.23072722892856187,0.23137496319691658,0.3289312384572147
283,T1497,"Defense Evasion, Discovery",0.0,0.0,0.0,0.0,0.0,0.0,0.0,0.0,0.23072722892856187,0.23137496319691658,0.3289312384572147
284,T1497.001,"Defense Evasion, Discovery",0.0,0.0,0.0,0.0,0.0,0.0,0.0,0.0,0.23072722892856187,0.23137496319691658,0.3289312384572147
285,T1497.002,"Defense Evasion, Discovery",0.0,0.0,0.0,0.0,0.0,0.0,0.0,0.0,0.23072722892856187,0.23137496319691658,0.3289312384572147
286,T1497.003,"Defense Evasion, Discovery",0.0,0.0,0.0,0.0,0.0,0.0,0.0,0.0,0.23072722892856187,0.23137496319691658,0.3289312384572147
287,T1498,Impact,0.0,0.012526431305371911,0.015138781081876823,0.020893445036267767,0.02279382243515966,0.033451995396268835,0.04130510425309815,0.0,0.23072722892856187,0.23137496319691658,0.3289312384572147
288,T1498.001,Impact,0.0,0.012526431305371911,0.015138781081876823,0.020893445036267767,0.02279382243515966,0.0,0.04130510425309815,0.0,0.23072722892856187,0.23137496319691658,0.3289312384572147
289,T1498.002,Impact,0.0,0.012526431305371911,0.015138781081876823,0.020893445036267767,0.02279382243515966,0.0,0.04130510425309815,0.0,0.23072722892856187,0.23137496319691658,0.3289312384572147
290,T1499,Impact,0.0,0.012526431305371911,0.015138781081876823,0.020893445036267767,0.02279382243515966,0.033451995396268835,0.04130510425309815,0.0,0.23072722892856187,0.23137496319691658,0.3289312384572147
291,T1499.001,Impact,0.0,0.0,0.0,0.0,0.0,0.0,0.0,0.0,0.23072722892856187,0.23137496319691658,0.3289312384572147
292,T1499.002,Impact,0.0,0.012526431305371911,0.015138781081876823,0.020893445036267767,0.02279382243515966,0.0,0.04130510425309815,0.0,0.23072722892856187,0.23137496319691658,0.3289312384572147
293,T1499.003,Impact,0.0,0.012526431305371911,0.015138781081876823,0.020893445036267767,0.02279382243515966,0.0,0.04130510425309815,0.0,0.23072722892856187,0.23137496319691658,0.3289312384572147
294,T1499.004,Impact,0.0,0.012526431305371911,0.015138781081876823,0.020893445036267767,0.02279382243515966,0.0,0.04130510425309815,0.0,0.23072722892856187,0.23137496319691658,0.3289312384572147
295,T1505,Persistence,0.0,0.0,0.0,0.0,0.0,0.0,0.0,0.06208077942239233,0.23072722892856187,0.23137496319691658,0.3289312384572147
296,T1505.001,Persistence,0.0,0.0,0.0,0.0,0.0,0.0,0.0,0.0,0.23072722892856187,0.0,0.3289312384572147
297,T1505.002,Persistence,0.0,0.0,0.0,0.0,0.0,0.0,0.0,0.0,0.23072722892856187,0.0,0.3289312384572147
298,T1505.003,Persistence,0.0,0.0,0.0,0.0,0.0,0.0,0.0,0.06208077942239233,0.23072722892856187,0.23137496319691658,0.3289312384572147
299,T1505.004,Persistence,0.0,0.0,0.0,0.0,0.0,0.0,0.0,0.0,0.0,0.0,0.3289312384572147
300,T1505.005,Persistence,0.0,0.0,0.0,0.0,0.0,0.0,0.0,0.0,0.0,0.0,0.3289312384572147
301,T1518,Discovery,0.0,0.012526431305371911,0.015138781081876823,0.020893445036267767,0.02279382243515966,0.0,0.04130510425309815,0.0,0.23072722892856187,0.23137496319691658,0.3289312384572147
302,T1518.001,Discovery,0.0,0.012526431305371911,0.015138781081876823,0.020893445036267767,0.02279382243515966,0.0,0.04130510425309815,0.0,0.23072722892856187,0.23137496319691658,0.3289312384572147
303,T1525,Persistence,0.0,0.0,0.0,0.0,0.0,0.033451995396268835,0.04130510425309815,0.0,0.0,0.0,0.0
304,T1526,Discovery,0.0,0.012526431305371911,0.015138781081876823,0.020893445036267767,0.02279382243515966,0.0,0.04130510425309815,0.0,0.0,0.0,0.0
305,T1528,Credential Access,0.0,0.012526431305371911,0.015138781081876823,0.020893445036267767,0.02279382243515966,0.033451995396268835,0.0,0.0,0.0,0.0,0.0
306,T1529,Impact,0.0,0.0,0.0,0.0,0.0,0.0,0.0,0.06208077942239233,0.23072722892856187,0.23137496319691658,0.3289312384572147
307,T1530,Collection,0.0,0.0,0.015138781081876823,0.0,0.0,0.0,0.04130510425309815,0.0,0.0,0.0,0.0
308,T1531,Impact,0.0,0.0,0.015138781081876823,0.0,0.02279382243515966,0.0,0.0,0.0,0.23072722892856187,0.23137496319691658,0.3289312384572147
309,T1534,Lateral Movement,0.0,0.0,0.015138781081876823,0.020893445036267767,0.02279382243515966,0.0,0.0,0.0,0.23072722892856187,0.23137496319691658,0.3289312384572147
310,T1535,Defense Evasion,0.0,0.0,0.0,0.0,0.0,0.0,0.04130510425309815,0.0,0.0,0.0,0.0
311,T1537,Exfiltration,0.0,0.0,0.0,0.0,0.0,0.0,0.04130510425309815,0.0,0.0,0.0,0.0
312,T1538,Discovery,0.0,0.012526431305371911,0.0,0.020893445036267767,0.02279382243515966,0.0,0.04130510425309815,0.0,0.0,0.0,0.0
313,T1539,Credential Access,0.0,0.0,0.015138781081876823,0.020893445036267767,0.02279382243515966,0.0,0.0,0.0,0.23072722892856187,0.23137496319691658,0.3289312384572147
314,T1542,"Defense Evasion, Persistence",0.0,0.0,0.0,0.0,0.0,0.0,0.0,0.06208077942239233,0.23072722892856187,0.23137496319691658,0.3289312384572147
315,T1542.001,"Defense Evasion, Persistence",0.0,0.0,0.0,0.0,0.0,0.0,0.0,0.0,0.0,0.0,0.3289312384572147
316,T1542.002,"Defense Evasion, Persistence",0.0,0.0,0.0,0.0,0.0,0.0,0.0,0.0,0.23072722892856187,0.23137496319691658,0.3289312384572147
317,T1542.003,"Defense Evasion, Persistence",0.0,0.0,0.0,0.0,0.0,0.0,0.0,0.0,0.23072722892856187,0.0,0.3289312384572147
318,T1542.004,"Defense Evasion, Persistence",0.0,0.0,0.0,0.0,0.0,0.0,0.0,0.06208077942239233,0.0,0.0,0.0
319,T1542.005,"Defense Evasion, Persistence",0.0,0.0,0.0,0.0,0.0,0.0,0.0,0.06208077942239233,0.0,0.0,0.0
320,T1543,"Persistence, Privilege Escalation",0.0,0.0,0.0,0.0,0.0,0.0,0.0,0.0,0.23072722892856187,0.23137496319691658,0.3289312384572147
321,T1543.001,"Persistence, Privilege Escalation",0.0,0.0,0.0,0.0,0.0,0.0,0.0,0.0,0.0,0.23137496319691658,0.0
322,T1543.002,"Persistence, Privilege Escalation",0.0,0.0,0.0,0.0,0.0,0.0,0.0,0.0,0.23072722892856187,0.0,0.0
323,T1543.003,"Persistence, Privilege Escalation",0.0,0.0,0.0,0.0,0.0,0.0,0.0,0.0,0.0,0.0,0.3289312384572147
324,T1543.004,"Persistence, Privilege Escalation",0.0,0.0,0.0,0.0,0.0,0.0,0.0,0.0,0.0,0.23137496319691658,0.0
325,T1546,"Persistence, Privilege Escalation",0.0,0.0,0.015138781081876823,0.0,0.02279382243515966,0.0,0.04130510425309815,0.0,0.23072722892856187,0.23137496319691658,0.3289312384572147
326,T1546.001,"Persistence, Privilege Escalation",0.0,0.0,0.0,0.0,0.0,0.0,0.0,0.0,0.0,0.0,0.3289312384572147
327,T1546.002,"Persistence, Privilege Escalation",0.0,0.0,0.0,0.0,0.0,0.0,0.0,0.0,0.0,0.0,0.3289312384572147
328,T1546.003,"Persistence, Privilege Escalation",0.0,0.0,0.0,0.0,0.0,0.0,0.0,0.0,0.0,0.0,0.3289312384572147
329,T1546.004,"Persistence, Privilege Escalation",0.0,0.0,0.0,0.0,0.0,0.0,0.0,0.0,0.23072722892856187,0.23137496319691658,0.0
330,T1546.005,"Persistence, Privilege Escalation",0.0,0.0,0.0,0.0,0.0,0.0,0.0,0.0,0.23072722892856187,0.23137496319691658,0.0
331,T1546.006,"Persistence, Privilege Escalation",0.0,0.0,0.0,0.0,0.0,0.0,0.0,0.0,0.0,0.23137496319691658,0.0
332,T1546.007,"Persistence, Privilege Escalation",0.0,0.0,0.0,0.0,0.0,0.0,0.0,0.0,0.0,0.0,0.3289312384572147
333,T1546.008,"Persistence, Privilege Escalation",0.0,0.0,0.0,0.0,0.0,0.0,0.0,0.0,0.0,0.0,0.3289312384572147
334,T1546.009,"Persistence, Privilege Escalation",0.0,0.0,0.0,0.0,0.0,0.0,0.0,0.0,0.0,0.0,0.3289312384572147
335,T1546.010,"Persistence, Privilege Escalation",0.0,0.0,0.0,0.0,0.0,0.0,0.0,0.0,0.0,0.0,0.3289312384572147
336,T1546.011,"Persistence, Privilege Escalation",0.0,0.0,0.0,0.0,0.0,0.0,0.0,0.0,0.0,0.0,0.3289312384572147
337,T1546.012,"Persistence, Privilege Escalation",0.0,0.0,0.0,0.0,0.0,0.0,0.0,0.0,0.0,0.0,0.3289312384572147
338,T1546.013,"Persistence, Privilege Escalation",0.0,0.0,0.0,0.0,0.0,0.0,0.0,0.0,0.0,0.0,0.3289312384572147
339,T1546.014,"Persistence, Privilege Escalation",0.0,0.0,0.0,0.0,0.0,0.0,0.0,0.0,0.0,0.23137496319691658,0.0
340,T1546.015,"Persistence, Privilege Escalation",0.0,0.0,0.0,0.0,0.0,0.0,0.0,0.0,0.0,0.0,0.3289312384572147
341,T1546.016,"Persistence, Privilege Escalation",0.0,0.0,0.0,0.0,0.0,0.0,0.0,0.0,0.23072722892856187,0.23137496319691658,0.3289312384572147
342,T1547,"Persistence, Privilege Escalation",0.0,0.0,0.0,0.0,0.0,0.0,0.0,0.0,0.23072722892856187,0.23137496319691658,0.3289312384572147
343,T1547.001,"Persistence, Privilege Escalation",0.0,0.0,0.0,0.0,0.0,0.0,0.0,0.0,0.0,0.0,0.3289312384572147
344,T1547.002,"Persistence, Privilege Escalation",0.0,0.0,0.0,0.0,0.0,0.0,0.0,0.0,0.0,0.0,0.3289312384572147
345,T1547.003,"Persistence, Privilege Escalation",0.0,0.0,0.0,0.0,0.0,0.0,0.0,0.0,0.0,0.0,0.3289312384572147
346,T1547.004,"Persistence, Privilege Escalation",0.0,0.0,0.0,0.0,0.0,0.0,0.0,0.0,0.0,0.0,0.3289312384572147
347,T1547.005,"Persistence, Privilege Escalation",0.0,0.0,0.0,0.0,0.0,0.0,0.0,0.0,0.0,0.0,0.3289312384572147
348,T1547.006,"Persistence, Privilege Escalation",0.0,0.0,0.0,0.0,0.0,0.0,0.0,0.0,0.23072722892856187,0.23137496319691658,0.0
349,T1547.007,"Persistence, Privilege Escalation",0.0,0.0,0.0,0.0,0.0,0.0,0.0,0.0,0.0,0.23137496319691658,0.0
350,T1547.008,"Persistence, Privilege Escalation",0.0,0.0,0.0,0.0,0.0,0.0,0.0,0.0,0.0,0.0,0.3289312384572147
351,T1547.009,"Persistence, Privilege Escalation",0.0,0.0,0.0,0.0,0.0,0.0,0.0,0.0,0.0,0.0,0.3289312384572147
352,T1547.010,"Persistence, Privilege Escalation",0.0,0.0,0.0,0.0,0.0,0.0,0.0,0.0,0.0,0.0,0.3289312384572147
353,T1547.012,"Persistence, Privilege Escalation",0.0,0.0,0.0,0.0,0.0,0.0,0.0,0.0,0.0,0.0,0.3289312384572147
354,T1547.013,"Persistence, Privilege Escalation",0.0,0.0,0.0,0.0,0.0,0.0,0.0,0.0,0.23072722892856187,0.0,0.0
355,T1547.014,"Persistence, Privilege Escalation",0.0,0.0,0.0,0.0,0.0,0.0,0.0,0.0,0.0,0.0,0.3289312384572147
356,T1547.015,"Persistence, Privilege Escalation",0.0,0.0,0.0,0.0,0.0,0.0,0.0,0.0,0.0,0.23137496319691658,0.0
357,T1548,"Defense Evasion, Privilege Escalation",0.0,0.0,0.0,0.0,0.0,0.0,0.0,0.0,0.23072722892856187,0.23137496319691658,0.3289312384572147
358,T1548.001,"Defense Evasion, Privilege Escalation",0.0,0.0,0.0,0.0,0.0,0.0,0.0,0.0,0.23072722892856187,0.23137496319691658,0.0
359,T1548.002,"Defense Evasion, Privilege Escalation",0.0,0.0,0.0,0.0,0.0,0.0,0.0,0.0,0.0,0.0,0.3289312384572147
360,T1548.003,"Defense Evasion, Privilege Escalation",0.0,0.0,0.0,0.0,0.0,0.0,0.0,0.0,0.23072722892856187,0.23137496319691658,0.0
361,T1548.004,"Defense Evasion, Privilege Escalation",0.0,0.0,0.0,0.0,0.0,0.0,0.0,0.0,0.0,0.23137496319691658,0.0
362,T1550,"Defense Evasion, Lateral Movement",0.0,0.0,0.015138781081876823,0.020893445036267767,0.02279382243515966,0.033451995396268835,0.04130510425309815,0.0,0.0,0.0,0.3289312384572147
363,T1550.001,"Defense Evasion, Lateral Movement",0.0,0.012526431305371911,0.015138781081876823,0.020893445036267767,0.02279382243515966,0.033451995396268835,0.04130510425309815,0.0,0.0,0.0,0.0
364,T1550.002,"Defense Evasion, Lateral Movement",0.0,0.0,0.0,0.0,0.0,0.0,0.0,0.0,0.0,0.0,0.3289312384572147
365,T1550.003,"Defense Evasion, Lateral Movement",0.0,0.0,0.0,0.0,0.0,0.0,0.0,0.0,0.0,0.0,0.3289312384572147
366,T1550.004,"Defense Evasion, Lateral Movement",0.0,0.0,0.015138781081876823,0.020893445036267767,0.02279382243515966,0.0,0.04130510425309815,0.0,0.0,0.0,0.0
367,T1552,Credential Access,0.0,0.012526431305371911,0.015138781081876823,0.020893445036267767,0.02279382243515966,0.033451995396268835,0.04130510425309815,0.06208077942239233,0.23072722892856187,0.23137496319691658,0.3289312384572147
368,T1552.001,Credential Access,0.0,0.0,0.0,0.0,0.0,0.033451995396268835,0.04130510425309815,0.0,0.23072722892856187,0.23137496319691658,0.3289312384572147
369,T1552.002,Credential Access,0.0,0.0,0.0,0.0,0.0,0.0,0.0,0.0,0.0,0.0,0.3289312384572147
370,T1552.003,Credential Access,0.0,0.0,0.0,0.0,0.0,0.0,0.0,0.0,0.23072722892856187,0.23137496319691658,0.0
371,T1552.004,Credential Access,0.0,0.0,0.0,0.0,0.0,0.0,0.0,0.06208077942239233,0.23072722892856187,0.23137496319691658,0.3289312384572147
372,T1552.005,Credential Access,0.0,0.0,0.0,0.0,0.0,0.0,0.04130510425309815,0.0,0.0,0.0,0.0
373,T1552.006,Credential Access,0.0,0.0,0.0,0.0,0.0,0.0,0.0,0.0,0.0,0.0,0.3289312384572147
374,T1552.007,Credential Access,0.0,0.0,0.0,0.0,0.0,0.033451995396268835,0.0,0.0,0.0,0.0,0.0
375,T1552.008,Credential Access,0.0,0.0,0.015138781081876823,0.020893445036267767,0.02279382243515966,0.0,0.0,0.0,0.0,0.0,0.0
376,T1553,Defense Evasion,0.0,0.0,0.0,0.0,0.0,0.0,0.0,0.0,0.23072722892856187,0.23137496319691658,0.3289312384572147
377,T1553.001,Defense Evasion,0.0,0.0,0.0,0.0,0.0,0.0,0.0,0.0,0.0,0.23137496319691658,0.0
378,T1553.002,Defense Evasion,0.0,0.0,0.0,0.0,0.0,0.0,0.0,0.0,0.0,0.23137496319691658,0.3289312384572147
379,T1553.003,Defense Evasion,0.0,0.0,0.0,0.0,0.0,0.0,0.0,0.0,0.0,0.0,0.3289312384572147
380,T1553.004,Defense Evasion,0.0,0.0,0.0,0.0,0.0,0.0,0.0,0.0,0.23072722892856187,0.23137496319691658,0.3289312384572147
381,T1553.005,Defense Evasion,0.0,0.0,0.0,0.0,0.0,0.0,0.0,0.0,0.0,0.0,0.3289312384572147
382,T1553.006,Defense Evasion,0.0,0.0,0.0,0.0,0.0,0.0,0.0,0.0,0.0,0.23137496319691658,0.3289312384572147
383,T1554,Persistence,0.0,0.0,0.0,0.0,0.0,0.0,0.0,0.0,0.23072722892856187,0.23137496319691658,0.3289312384572147
384,T1555,Credential Access,0.0,0.0,0.0,0.0,0.0,0.0,0.0,0.0,0.23072722892856187,0.23137496319691658,0.3289312384572147
385,T1555.001,Credential Access,0.0,0.0,0.0,0.0,0.0,0.0,0.0,0.0,0.0,0.23137496319691658,0.0
386,T1555.002,Credential Access,0.0,0.0,0.0,0.0,0.0,0.0,0.0,0.0,0.23072722892856187,0.23137496319691658,0.0
387,T1555.003,Credential Access,0.0,0.0,0.0,0.0,0.0,0.0,0.0,0.0,0.23072722892856187,0.23137496319691658,0.3289312384572147
388,T1555.004,Credential Access,0.0,0.0,0.0,0.0,0.0,0.0,0.0,0.0,0.0,0.0,0.3289312384572147
389,T1555.005,Credential Access,0.0,0.0,0.0,0.0,0.0,0.0,0.0,0.0,0.23072722892856187,0.23137496319691658,0.3289312384572147
390,T1556,"Credential Access, Defense Evasion, Persistence",0.0,0.012526431305371911,0.015138781081876823,0.020893445036267767,0.02279382243515966,0.0,0.04130510425309815,0.06208077942239233,0.23072722892856187,0.23137496319691658,0.3289312384572147
391,T1556.001,"Credential Access, Defense Evasion, Persistence",0.0,0.0,0.0,0.0,0.0,0.0,0.0,0.0,0.0,0.0,0.3289312384572147
392,T1556.002,"Credential Access, Defense Evasion, Persistence",0.0,0.0,0.0,0.0,0.0,0.0,0.0,0.0,0.0,0.0,0.3289312384572147
393,T1556.003,"Credential Access, Defense Evasion, Persistence",0.0,0.0,0.0,0.0,0.0,0.0,0.0,0.0,0.23072722892856187,0.23137496319691658,0.0
394,T1556.004,"Credential Access, Defense Evasion, Persistence",0.0,0.0,0.0,0.0,0.0,0.0,0.0,0.06208077942239233,0.0,0.0,0.0
395,T1556.005,"Credential Access, Defense Evasion, Persistence",0.0,0.0,0.0,0.0,0.0,0.0,0.0,0.0,0.0,0.0,0.3289312384572147
396,T1556.006,"Credential Access, Defense Evasion, Persistence",0.0,0.012526431305371911,0.015138781081876823,0.020893445036267767,0.02279382243515966,0.0,0.04130510425309815,0.0,0.23072722892856187,0.23137496319691658,0.3289312384572147
397,T1556.007,"Credential Access, Defense Evasion, Persistence",0.0,0.012526431305371911,0.015138781081876823,0.020893445036267767,0.02279382243515966,0.0,0.04130510425309815,0.0,0.0,0.0,0.3289312384572147
398,T1556.008,"Credential Access, Defense Evasion, Persistence",0.0,0.0,0.0,0.0,0.0,0.0,0.0,0.0,0.0,0.0,0.3289312384572147
399,T1557,"Collection, Credential Access",0.0,0.0,0.0,0.0,0.0,0.0,0.0,0.06208077942239233,0.23072722892856187,0.23137496319691658,0.3289312384572147
400,T1557.001,"Collection, Credential Access",0.0,0.0,0.0,0.0,0.0,0.0,0.0,0.0,0.0,0.0,0.3289312384572147
401,T1557.002,"Collection, Credential Access",0.0,0.0,0.0,0.0,0.0,0.0,0.0,0.0,0.23072722892856187,0.23137496319691658,0.3289312384572147
402,T1557.003,"Collection, Credential Access",0.0,0.0,0.0,0.0,0.0,0.0,0.0,0.0,0.23072722892856187,0.23137496319691658,0.3289312384572147
403,T1558,Credential Access,0.0,0.0,0.0,0.0,0.0,0.0,0.0,0.0,0.23072722892856187,0.23137496319691658,0.3289312384572147
404,T1558.001,Credential Access,0.0,0.0,0.0,0.0,0.0,0.0,0.0,0.0,0.0,0.0,0.3289312384572147
405,T1558.002,Credential Access,0.0,0.0,0.0,0.0,0.0,0.0,0.0,0.0,0.0,0.0,0.3289312384572147
406,T1558.003,Credential Access,0.0,0.0,0.0,0.0,0.0,0.0,0.0,0.0,0.0,0.0,0.3289312384572147
407,T1558.004,Credential Access,0.0,0.0,0.0,0.0,0.0,0.0,0.0,0.0,0.0,0.0,0.3289312384572147
408,T1559,Execution,0.0,0.0,0.0,0.0,0.0,0.0,0.0,0.0,0.23072722892856187,0.23137496319691658,0.3289312384572147
409,T1559.001,Execution,0.0,0.0,0.0,0.0,0.0,0.0,0.0,0.0,0.0,0.0,0.3289312384572147
410,T1559.002,Execution,0.0,0.0,0.0,0.0,0.0,0.0,0.0,0.0,0.0,0.0,0.3289312384572147
411,T1559.003,Execution,0.0,0.0,0.0,0.0,0.0,0.0,0.0,0.0,0.0,0.23137496319691658,0.0
412,T1560,Collection,0.0,0.0,0.0,0.0,0.0,0.0,0.0,0.0,0.23072722892856187,0.23137496319691658,0.3289312384572147
413,T1560.001,Collection,0.0,0.0,0.0,0.0,0.0,0.0,0.0,0.0,0.23072722892856187,0.23137496319691658,0.3289312384572147
414,T1560.002,Collection,0.0,0.0,0.0,0.0,0.0,0.0,0.0,0.0,0.23072722892856187,0.23137496319691658,0.3289312384572147
415,T1560.003,Collection,0.0,0.0,0.0,0.0,0.0,0.0,0.0,0.0,0.23072722892856187,0.23137496319691658,0.3289312384572147
416,T1561,Impact,0.0,0.0,0.0,0.0,0.0,0.0,0.0,0.06208077942239233,0.23072722892856187,0.23137496319691658,0.3289312384572147
417,T1561.001,Impact,0.0,0.0,0.0,0.0,0.0,0.0,0.0,0.0,0.23072722892856187,0.23137496319691658,0.3289312384572147
418,T1561.002,Impact,0.0,0.0,0.0,0.0,0.0,0.0,0.0,0.06208077942239233,0.23072722892856187,0.23137496319691658,0.3289312384572147
419,T1562,Defense Evasion,0.0,0.0,0.0,0.0,0.02279382243515966,0.033451995396268835,0.04130510425309815,0.06208077942239233,0.23072722892856187,0.23137496319691658,0.3289312384572147
420,T1562.001,Defense Evasion,0.0,0.0,0.0,0.0,0.0,0.033451995396268835,0.04130510425309815,0.0,0.23072722892856187,0.23137496319691658,0.3289312384572147
421,T1562.002,Defense Evasion,0.0,0.0,0.0,0.0,0.0,0.0,0.0,0.0,0.0,0.0,0.3289312384572147
422,T1562.003,Defense Evasion,0.0,0.0,0.0,0.0,0.0,0.0,0.0,0.06208077942239233,0.23072722892856187,0.23137496319691658,0.3289312384572147
423,T1562.004,Defense Evasion,0.0,0.0,0.0,0.0,0.0,0.0,0.0,0.0,0.23072722892856187,0.23137496319691658,0.3289312384572147
424,T1562.006,Defense Evasion,0.0,0.0,0.0,0.0,0.0,0.0,0.0,0.0,0.23072722892856187,0.23137496319691658,0.3289312384572147
425,T1562.007,Defense Evasion,0.0,0.0,0.0,0.0,0.0,0.0,0.04130510425309815,0.0,0.0,0.0,0.0
426,T1562.008,Defense Evasion,0.0,0.012526431305371911,0.015138781081876823,0.020893445036267767,0.02279382243515966,0.0,0.04130510425309815,0.0,0.0,0.0,0.0
427,T1562.009,Defense Evasion,0.0,0.0,0.0,0.0,0.0,0.0,0.0,0.0,0.0,0.0,0.3289312384572147
428,T1562.010,Defense Evasion,0.0,0.0,0.0,0.0,0.0,0.0,0.0,0.0,0.23072722892856187,0.23137496319691658,0.3289312384572147
429,T1562.011,Defense Evasion,0.0,0.0,0.0,0.0,0.0,0.0,0.0,0.0,0.23072722892856187,0.23137496319691658,0.3289312384572147
430,T1563,Lateral Movement,0.0,0.0,0.0,0.0,0.0,0.0,0.0,0.0,0.23072722892856187,0.23137496319691658,0.3289312384572147
431,T1563.001,Lateral Movement,0.0,0.0,0.0,0.0,0.0,0.0,0.0,0.0,0.23072722892856187,0.23137496319691658,0.0
432,T1563.002,Lateral Movement,0.0,0.0,0.0,0.0,0.0,0.0,0.0,0.0,0.0,0.0,0.3289312384572147
433,T1564,Defense Evasion,0.0,0.0,0.0,0.0,0.02279382243515966,0.0,0.0,0.0,0.23072722892856187,0.23137496319691658,0.3289312384572147
434,T1564.001,Defense Evasion,0.0,0.0,0.0,0.0,0.0,0.0,0.0,0.0,0.23072722892856187,0.23137496319691658,0.3289312384572147
435,T1564.002,Defense Evasion,0.0,0.0,0.0,0.0,0.0,0.0,0.0,0.0,0.23072722892856187,0.23137496319691658,0.3289312384572147
436,T1564.003,Defense Evasion,0.0,0.0,0.0,0.0,0.0,0.0,0.0,0.0,0.23072722892856187,0.23137496319691658,0.3289312384572147
437,T1564.004,Defense Evasion,0.0,0.0,0.0,0.0,0.0,0.0,0.0,0.0,0.0,0.0,0.3289312384572147
438,T1564.005,Defense Evasion,0.0,0.0,0.0,0.0,0.0,0.0,0.0,0.0,0.23072722892856187,0.23137496319691658,0.3289312384572147
439,T1564.006,Defense Evasion,0.0,0.0,0.0,0.0,0.0,0.0,0.0,0.0,0.23072722892856187,0.23137496319691658,0.3289312384572147
440,T1564.007,Defense Evasion,0.0,0.0,0.0,0.0,0.0,0.0,0.0,0.0,0.23072722892856187,0.23137496319691658,0.3289312384572147
441,T1564.008,Defense Evasion,0.0,0.0,0.0,0.020893445036267767,0.02279382243515966,0.0,0.0,0.0,0.23072722892856187,0.23137496319691658,0.3289312384572147
442,T1564.009,Defense Evasion,0.0,0.0,0.0,0.0,0.0,0.0,0.0,0.0,0.0,0.23137496319691658,0.0
443,T1564.010,Defense Evasion,0.0,0.0,0.0,0.0,0.0,0.0,0.0,0.0,0.0,0.0,0.3289312384572147
444,T1565,Impact,0.0,0.0,0.0,0.0,0.0,0.0,0.0,0.0,0.23072722892856187,0.23137496319691658,0.3289312384572147
445,T1565.001,Impact,0.0,0.0,0.0,0.0,0.0,0.0,0.0,0.0,0.23072722892856187,0.23137496319691658,0.3289312384572147
446,T1565.002,Impact,0.0,0.0,0.0,0.0,0.0,0.0,0.0,0.0,0.23072722892856187,0.23137496319691658,0.3289312384572147
447,T1565.003,Impact,0.0,0.0,0.0,0.0,0.0,0.0,0.0,0.0,0.23072722892856187,0.23137496319691658,0.3289312384572147
448,T1566,Initial Access,0.0,0.0,0.015138781081876823,0.020893445036267767,0.02279382243515966,0.0,0.0,0.0,0.23072722892856187,0.23137496319691658,0.3289312384572147
449,T1566.001,Initial Access,0.0,0.0,0.0,0.0,0.0,0.0,0.0,0.0,0.23072722892856187,0.23137496319691658,0.3289312384572147
450,T1566.002,Initial Access,0.0,0.0,0.015138781081876823,0.020893445036267767,0.02279382243515966,0.0,0.0,0.0,0.23072722892856187,0.23137496319691658,0.3289312384572147
451,T1566.003,Initial Access,0.0,0.0,0.0,0.0,0.0,0.0,0.0,0.0,0.23072722892856187,0.23137496319691658,0.3289312384572147
452,T1567,Exfiltration,0.0,0.0,0.0,0.0,0.0,0.0,0.0,0.0,0.23072722892856187,0.23137496319691658,0.3289312384572147
453,T1567.001,Exfiltration,0.0,0.0,0.0,0.0,0.0,0.0,0.0,0.0,0.23072722892856187,0.23137496319691658,0.3289312384572147
454,T1567.002,Exfiltration,0.0,0.0,0.0,0.0,0.0,0.0,0.0,0.0,0.23072722892856187,0.23137496319691658,0.3289312384572147
455,T1567.003,Exfiltration,0.0,0.0,0.0,0.0,0.0,0.0,0.0,0.0,0.23072722892856187,0.23137496319691658,0.3289312384572147
456,T1568,Command and Control,0.0,0.0,0.0,0.0,0.0,0.0,0.0,0.0,0.23072722892856187,0.23137496319691658,0.3289312384572147
457,T1568.001,Command and Control,0.0,0.0,0.0,0.0,0.0,0.0,0.0,0.0,0.23072722892856187,0.23137496319691658,0.3289312384572147
458,T1568.002,Command and Control,0.0,0.0,0.0,0.0,0.0,0.0,0.0,0.0,0.23072722892856187,0.23137496319691658,0.3289312384572147
459,T1568.003,Command and Control,0.0,0.0,0.0,0.0,0.0,0.0,0.0,0.0,0.23072722892856187,0.23137496319691658,0.3289312384572147
460,T1569,Execution,0.0,0.0,0.0,0.0,0.0,0.0,0.0,0.0,0.23072722892856187,0.23137496319691658,0.3289312384572147
461,T1569.001,Execution,0.0,0.0,0.0,0.0,0.0,0.0,0.0,0.0,0.0,0.23137496319691658,0.0
462,T1569.002,Execution,0.0,0.0,0.0,0.0,0.0,0.0,0.0,0.0,0.0,0.0,0.3289312384572147
463,T1570,Lateral Movement,0.0,0.0,0.0,0.0,0.0,0.0,0.0,0.0,0.23072722892856187,0.23137496319691658,0.3289312384572147
464,T1571,Command and Control,0.0,0.0,0.0,0.0,0.0,0.0,0.0,0.0,0.23072722892856187,0.23137496319691658,0.3289312384572147
465,T1572,Command and Control,0.0,0.0,0.0,0.0,0.0,0.0,0.0,0.0,0.23072722892856187,0.23137496319691658,0.3289312384572147
466,T1573,Command and Control,0.0,0.0,0.0,0.0,0.0,0.0,0.0,0.0,0.23072722892856187,0.23137496319691658,0.3289312384572147
467,T1573.001,Command and Control,0.0,0.0,0.0,0.0,0.0,0.0,0.0,0.0,0.23072722892856187,0.23137496319691658,0.3289312384572147
468,T1573.002,Command and Control,0.0,0.0,0.0,0.0,0.0,0.0,0.0,0.0,0.23072722892856187,0.23137496319691658,0.3289312384572147
469,T1574,"Defense Evasion, Persistence, Privilege Escalation",0.0,0.0,0.0,0.0,0.0,0.0,0.0,0.0,0.23072722892856187,0.23137496319691658,0.3289312384572147
470,T1574.001,"Defense Evasion, Persistence, Privilege Escalation",0.0,0.0,0.0,0.0,0.0,0.0,0.0,0.0,0.0,0.0,0.3289312384572147
471,T1574.002,"Defense Evasion, Persistence, Privilege Escalation",0.0,0.0,0.0,0.0,0.0,0.0,0.0,0.0,0.0,0.0,0.3289312384572147
472,T1574.004,"Defense Evasion, Persistence, Privilege Escalation",0.0,0.0,0.0,0.0,0.0,0.0,0.0,0.0,0.0,0.23137496319691658,0.0
473,T1574.005,"Defense Evasion, Persistence, Privilege Escalation",0.0,0.0,0.0,0.0,0.0,0.0,0.0,0.0,0.0,0.0,0.3289312384572147
474,T1574.006,"Defense Evasion, Persistence, Privilege Escalation",0.0,0.0,0.0,0.0,0.0,0.0,0.0,0.0,0.23072722892856187,0.23137496319691658,0.0
475,T1574.007,"Defense Evasion, Persistence, Privilege Escalation",0.0,0.0,0.0,0.0,0.0,0.0,0.0,0.0,0.0,0.0,0.3289312384572147
476,T1574.008,"Defense Evasion, Persistence, Privilege Escalation",0.0,0.0,0.0,0.0,0.0,0.0,0.0,0.0,0.0,0.0,0.3289312384572147
477,T1574.009,"Defense Evasion, Persistence, Privilege Escalation",0.0,0.0,0.0,0.0,0.0,0.0,0.0,0.0,0.0,0.0,0.3289312384572147
478,T1574.010,"Defense Evasion, Persistence, Privilege Escalation",0.0,0.0,0.0,0.0,0.0,0.0,0.0,0.0,0.0,0.0,0.3289312384572147
479,T1574.011,"Defense Evasion, Persistence, Privilege Escalation",0.0,0.0,0.0,0.0,0.0,0.0,0.0,0.0,0.0,0.0,0.3289312384572147
480,T1574.012,"Defense Evasion, Persistence, Privilege Escalation",0.0,0.0,0.0,0.0,0.0,0.0,0.0,0.0,0.0,0.0,0.3289312384572147
481,T1574.013,"Defense Evasion, Persistence, Privilege Escalation",0.0,0.0,0.0,0.0,0.0,0.0,0.0,0.0,0.0,0.0,0.3289312384572147
482,T1578,Defense Evasion,0.0,0.0,0.0,0.0,0.0,0.0,0.04130510425309815,0.0,0.0,0.0,0.0
483,T1578.001,Defense Evasion,0.0,0.0,0.0,0.0,0.0,0.0,0.04130510425309815,0.0,0.0,0.0,0.0
484,T1578.002,Defense Evasion,0.0,0.0,0.0,0.0,0.0,0.0,0.04130510425309815,0.0,0.0,0.0,0.0
485,T1578.003,Defense Evasion,0.0,0.0,0.0,0.0,0.0,0.0,0.04130510425309815,0.0,0.0,0.0,0.0
486,T1578.004,Defense Evasion,0.0,0.0,0.0,0.0,0.0,0.0,0.04130510425309815,0.0,0.0,0.0,0.0
487,T1580,Discovery,0.0,0.0,0.0,0.0,0.0,0.0,0.04130510425309815,0.0,0.0,0.0,0.0
488,T1583,Resource Development,0.0007762104868713364,0.0,0.0,0.0,0.0,0.0,0.0,0.0,0.0,0.0,0.0
489,T1583.001,Resource Development,0.0007762104868713364,0.0,0.0,0.0,0.0,0.0,0.0,0.0,0.0,0.0,0.0
490,T1583.002,Resource Development,0.0007762104868713364,0.0,0.0,0.0,0.0,0.0,0.0,0.0,0.0,0.0,0.0
491,T1583.003,Resource Development,0.0007762104868713364,0.0,0.0,0.0,0.0,0.0,0.0,0.0,0.0,0.0,0.0
492,T1583.004,Resource Development,0.0007762104868713364,0.0,0.0,0.0,0.0,0.0,0.0,0.0,0.0,0.0,0.0
493,T1583.005,Resource Development,0.0007762104868713364,0.0,0.0,0.0,0.0,0.0,0.0,0.0,0.0,0.0,0.0
494,T1583.006,Resource Development,0.0007762104868713364,0.0,0.0,0.0,0.0,0.0,0.0,0.0,0.0,0.0,0.0
495,T1583.007,Resource Development,0.0007762104868713364,0.0,0.0,0.0,0.0,0.0,0.0,0.0,0.0,0.0,0.0
496,T1583.008,Resource Development,0.0007762104868713364,0.0,0.0,0.0,0.0,0.0,0.0,0.0,0.0,0.0,0.0
497,T1584,Resource Development,0.0007762104868713364,0.0,0.0,0.0,0.0,0.0,0.0,0.0,0.0,0.0,0.0
498,T1584.001,Resource Development,0.0007762104868713364,0.0,0.0,0.0,0.0,0.0,0.0,0.0,0.0,0.0,0.0
499,T1584.002,Resource Development,0.0007762104868713364,0.0,0.0,0.0,0.0,0.0,0.0,0.0,0.0,0.0,0.0
500,T1584.003,Resource Development,0.0007762104868713364,0.0,0.0,0.0,0.0,0.0,0.0,0.0,0.0,0.0,0.0
501,T1584.004,Resource Development,0.0007762104868713364,0.0,0.0,0.0,0.0,0.0,0.0,0.0,0.0,0.0,0.0
502,T1584.005,Resource Development,0.0007762104868713364,0.0,0.0,0.0,0.0,0.0,0.0,0.0,0.0,0.0,0.0
503,T1584.006,Resource Development,0.0007762104868713364,0.0,0.0,0.0,0.0,0.0,0.0,0.0,0.0,0.0,0.0
504,T1584.007,Resource Development,0.0007762104868713364,0.0,0.0,0.0,0.0,0.0,0.0,0.0,0.0,0.0,0.0
505,T1585,Resource Development,0.0007762104868713364,0.0,0.0,0.0,0.0,0.0,0.0,0.0,0.0,0.0,0.0
506,T1585.001,Resource Development,0.0007762104868713364,0.0,0.0,0.0,0.0,0.0,0.0,0.0,0.0,0.0,0.0
507,T1585.002,Resource Development,0.0007762104868713364,0.0,0.0,0.0,0.0,0.0,0.0,0.0,0.0,0.0,0.0
508,T1585.003,Resource Development,0.0007762104868713364,0.0,0.0,0.0,0.0,0.0,0.0,0.0,0.0,0.0,0.0
509,T1586,Resource Development,0.0007762104868713364,0.0,0.0,0.0,0.0,0.0,0.0,0.0,0.0,0.0,0.0
510,T1586.001,Resource Development,0.0007762104868713364,0.0,0.0,0.0,0.0,0.0,0.0,0.0,0.0,0.0,0.0
511,T1586.002,Resource Development,0.0007762104868713364,0.0,0.0,0.0,0.0,0.0,0.0,0.0,0.0,0.0,0.0
512,T1586.003,Resource Development,0.0007762104868713364,0.0,0.0,0.0,0.0,0.0,0.0,0.0,0.0,0.0,0.0
513,T1587,Resource Development,0.0007762104868713364,0.0,0.0,0.0,0.0,0.0,0.0,0.0,0.0,0.0,0.0
514,T1587.001,Resource Development,0.0007762104868713364,0.0,0.0,0.0,0.0,0.0,0.0,0.0,0.0,0.0,0.0
515,T1587.002,Resource Development,0.0007762104868713364,0.0,0.0,0.0,0.0,0.0,0.0,0.0,0.0,0.0,0.0
516,T1587.003,Resource Development,0.0007762104868713364,0.0,0.0,0.0,0.0,0.0,0.0,0.0,0.0,0.0,0.0
517,T1587.004,Resource Development,0.0007762104868713364,0.0,0.0,0.0,0.0,0.0,0.0,0.0,0.0,0.0,0.0
518,T1588,Resource Development,0.0007762104868713364,0.0,0.0,0.0,0.0,0.0,0.0,0.0,0.0,0.0,0.0
519,T1588.001,Resource Development,0.0007762104868713364,0.0,0.0,0.0,0.0,0.0,0.0,0.0,0.0,0.0,0.0
520,T1588.002,Resource Development,0.0007762104868713364,0.0,0.0,0.0,0.0,0.0,0.0,0.0,0.0,0.0,0.0
521,T1588.003,Resource Development,0.0007762104868713364,0.0,0.0,0.0,0.0,0.0,0.0,0.0,0.0,0.0,0.0
522,T1588.004,Resource Development,0.0007762104868713364,0.0,0.0,0.0,0.0,0.0,0.0,0.0,0.0,0.0,0.0
523,T1588.005,Resource Development,0.0007762104868713364,0.0,0.0,0.0,0.0,0.0,0.0,0.0,0.0,0.0,0.0
524,T1588.006,Resource Development,0.0007762104868713364,0.0,0.0,0.0,0.0,0.0,0.0,0.0,0.0,0.0,0.0
525,T1589,Reconnaissance,0.0007762104868713364,0.0,0.0,0.0,0.0,0.0,0.0,0.0,0.0,0.0,0.0
526,T1589.001,Reconnaissance,0.0007762104868713364,0.0,0.0,0.0,0.0,0.0,0.0,0.0,0.0,0.0,0.0
527,T1589.002,Reconnaissance,0.0007762104868713364,0.0,0.0,0.0,0.0,0.0,0.0,0.0,0.0,0.0,0.0
528,T1589.003,Reconnaissance,0.0007762104868713364,0.0,0.0,0.0,0.0,0.0,0.0,0.0,0.0,0.0,0.0
529,T1590,Reconnaissance,0.0007762104868713364,0.0,0.0,0.0,0.0,0.0,0.0,0.0,0.0,0.0,0.0
530,T1590.001,Reconnaissance,0.0007762104868713364,0.0,0.0,0.0,0.0,0.0,0.0,0.0,0.0,0.0,0.0
531,T1590.002,Reconnaissance,0.0007762104868713364,0.0,0.0,0.0,0.0,0.0,0.0,0.0,0.0,0.0,0.0
532,T1590.003,Reconnaissance,0.0007762104868713364,0.0,0.0,0.0,0.0,0.0,0.0,0.0,0.0,0.0,0.0
533,T1590.004,Reconnaissance,0.0007762104868713364,0.0,0.0,0.0,0.0,0.0,0.0,0.0,0.0,0.0,0.0
534,T1590.005,Reconnaissance,0.0007762104868713364,0.0,0.0,0.0,0.0,0.0,0.0,0.0,0.0,0.0,0.0
535,T1590.006,Reconnaissance,0.0007762104868713364,0.0,0.0,0.0,0.0,0.0,0.0,0.0,0.0,0.0,0.0
536,T1591,Reconnaissance,0.0007762104868713364,0.0,0.0,0.0,0.0,0.0,0.0,0.0,0.0,0.0,0.0
537,T1591.001,Reconnaissance,0.0007762104868713364,0.0,0.0,0.0,0.0,0.0,0.0,0.0,0.0,0.0,0.0
538,T1591.002,Reconnaissance,0.0007762104868713364,0.0,0.0,0.0,0.0,0.0,0.0,0.0,0.0,0.0,0.0
539,T1591.003,Reconnaissance,0.0007762104868713364,0.0,0.0,0.0,0.0,0.0,0.0,0.0,0.0,0.0,0.0
540,T1591.004,Reconnaissance,0.0007762104868713364,0.0,0.0,0.0,0.0,0.0,0.0,0.0,0.0,0.0,0.0
541,T1592,Reconnaissance,0.0007762104868713364,0.0,0.0,0.0,0.0,0.0,0.0,0.0,0.0,0.0,0.0
542,T1592.001,Reconnaissance,0.0007762104868713364,0.0,0.0,0.0,0.0,0.0,0.0,0.0,0.0,0.0,0.0
543,T1592.002,Reconnaissance,0.0007762104868713364,0.0,0.0,0.0,0.0,0.0,0.0,0.0,0.0,0.0,0.0
544,T1592.003,Reconnaissance,0.0007762104868713364,0.0,0.0,0.0,0.0,0.0,0.0,0.0,0.0,0.0,0.0
545,T1592.004,Reconnaissance,0.0007762104868713364,0.0,0.0,0.0,0.0,0.0,0.0,0.0,0.0,0.0,0.0
546,T1593,Reconnaissance,0.0007762104868713364,0.0,0.0,0.0,0.0,0.0,0.0,0.0,0.0,0.0,0.0
547,T1593.001,Reconnaissance,0.0007762104868713364,0.0,0.0,0.0,0.0,0.0,0.0,0.0,0.0,0.0,0.0
548,T1593.002,Reconnaissance,0.0007762104868713364,0.0,0.0,0.0,0.0,0.0,0.0,0.0,0.0,0.0,0.0
549,T1593.003,Reconnaissance,0.0007762104868713364,0.0,0.0,0.0,0.0,0.0,0.0,0.0,0.0,0.0,0.0
550,T1594,Reconnaissance,0.0007762104868713364,0.0,0.0,0.0,0.0,0.0,0.0,0.0,0.0,0.0,0.0
551,T1595,Reconnaissance,0.0007762104868713364,0.0,0.0,0.0,0.0,0.0,0.0,0.0,0.0,0.0,0.0
552,T1595.001,Reconnaissance,0.0007762104868713364,0.0,0.0,0.0,0.0,0.0,0.0,0.0,0.0,0.0,0.0
553,T1595.002,Reconnaissance,0.0007762104868713364,0.0,0.0,0.0,0.0,0.0,0.0,0.0,0.0,0.0,0.0
554,T1595.003,Reconnaissance,0.0007762104868713364,0.0,0.0,0.0,0.0,0.0,0.0,0.0,0.0,0.0,0.0
555,T1596,Reconnaissance,0.0007762104868713364,0.0,0.0,0.0,0.0,0.0,0.0,0.0,0.0,0.0,0.0
556,T1596.001,Reconnaissance,0.0007762104868713364,0.0,0.0,0.0,0.0,0.0,0.0,0.0,0.0,0.0,0.0
557,T1596.002,Reconnaissance,0.0007762104868713364,0.0,0.0,0.0,0.0,0.0,0.0,0.0,0.0,0.0,0.0
558,T1596.003,Reconnaissance,0.0007762104868713364,0.0,0.0,0.0,0.0,0.0,0.0,0.0,0.0,0.0,0.0
559,T1596.004,Reconnaissance,0.0007762104868713364,0.0,0.0,0.0,0.0,0.0,0.0,0.0,0.0,0.0,0.0
560,T1596.005,Reconnaissance,0.0007762104868713364,0.0,0.0,0.0,0.0,0.0,0.0,0.0,0.0,0.0,0.0
561,T1597,Reconnaissance,0.0007762104868713364,0.0,0.0,0.0,0.0,0.0,0.0,0.0,0.0,0.0,0.0
562,T1597.001,Reconnaissance,0.0007762104868713364,0.0,0.0,0.0,0.0,0.0,0.0,0.0,0.0,0.0,0.0
563,T1597.002,Reconnaissance,0.0007762104868713364,0.0,0.0,0.0,0.0,0.0,0.0,0.0,0.0,0.0,0.0
564,T1598,Reconnaissance,0.0007762104868713364,0.0,0.0,0.0,0.0,0.0,0.0,0.0,0.0,0.0,0.0
565,T1598.001,Reconnaissance,0.0007762104868713364,0.0,0.0,0.0,0.0,0.0,0.0,0.0,0.0,0.0,0.0
566,T1598.002,Reconnaissance,0.0007762104868713364,0.0,0.0,0.0,0.0,0.0,0.0,0.0,0.0,0.0,0.0
567,T1598.003,Reconnaissance,0.0007762104868713364,0.0,0.0,0.0,0.0,0.0,0.0,0.0,0.0,0.0,0.0
568,T1599,Defense Evasion,0.0,0.0,0.0,0.0,0.0,0.0,0.0,0.06208077942239233,0.0,0.0,0.0
569,T1599.001,Defense Evasion,0.0,0.0,0.0,0.0,0.0,0.0,0.0,0.06208077942239233,0.0,0.0,0.0
570,T1600,Defense Evasion,0.0,0.0,0.0,0.0,0.0,0.0,0.0,0.06208077942239233,0.0,0.0,0.0
571,T1600.001,Defense Evasion,0.0,0.0,0.0,0.0,0.0,0.0,0.0,0.06208077942239233,0.0,0.0,0.0
572,T1600.002,Defense Evasion,0.0,0.0,0.0,0.0,0.0,0.0,0.0,0.06208077942239233,0.0,0.0,0.0
573,T1601,Defense Evasion,0.0,0.0,0.0,0.0,0.0,0.0,0.0,0.06208077942239233,0.0,0.0,0.0
574,T1601.001,Defense Evasion,0.0,0.0,0.0,0.0,0.0,0.0,0.0,0.06208077942239233,0.0,0.0,0.0
575,T1601.002,Defense Evasion,0.0,0.0,0.0,0.0,0.0,0.0,0.0,0.06208077942239233,0.0,0.0,0.0
576,T1602,Collection,0.0,0.0,0.0,0.0,0.0,0.0,0.0,0.06208077942239233,0.0,0.0,0.0
577,T1602.001,Collection,0.0,0.0,0.0,0.0,0.0,0.0,0.0,0.06208077942239233,0.0,0.0,0.0
578,T1602.002,Collection,0.0,0.0,0.0,0.0,0.0,0.0,0.0,0.06208077942239233,0.0,0.0,0.0
579,T1606,Credential Access,0.0,0.012526431305371911,0.015138781081876823,0.020893445036267767,0.02279382243515966,0.0,0.04130510425309815,0.0,0.23072722892856187,0.23137496319691658,0.3289312384572147
580,T1606.001,Credential Access,0.0,0.0,0.015138781081876823,0.0,0.0,0.0,0.04130510425309815,0.0,0.23072722892856187,0.23137496319691658,0.3289312384572147
581,T1606.002,Credential Access,0.0,0.012526431305371911,0.015138781081876823,0.020893445036267767,0.02279382243515966,0.0,0.04130510425309815,0.0,0.0,0.0,0.3289312384572147
582,T1608,Resource Development,0.0007762104868713364,0.0,0.0,0.0,0.0,0.0,0.0,0.0,0.0,0.0,0.0
583,T1608.001,Resource Development,0.0007762104868713364,0.0,0.0,0.0,0.0,0.0,0.0,0.0,0.0,0.0,0.0
584,T1608.002,Resource Development,0.0007762104868713364,0.0,0.0,0.0,0.0,0.0,0.0,0.0,0.0,0.0,0.0
585,T1608.003,Resource Development,0.0007762104868713364,0.0,0.0,0.0,0.0,0.0,0.0,0.0,0.0,0.0,0.0
586,T1608.004,Resource Development,0.0007762104868713364,0.0,0.0,0.0,0.0,0.0,0.0,0.0,0.0,0.0,0.0
587,T1608.005,Resource Development,0.0007762104868713364,0.0,0.0,0.0,0.0,0.0,0.0,0.0,0.0,0.0,0.0
588,T1608.006,Resource Development,0.0007762104868713364,0.0,0.0,0.0,0.0,0.0,0.0,0.0,0.0,0.0,0.0
589,T1609,Execution,0.0,0.0,0.0,0.0,0.0,0.033451995396268835,0.0,0.0,0.0,0.0,0.0
590,T1610,"Defense Evasion, Execution",0.0,0.0,0.0,0.0,0.0,0.033451995396268835,0.0,0.0,0.0,0.0,0.0
591,T1611,Privilege Escalation,0.0,0.0,0.0,0.0,0.0,0.033451995396268835,0.0,0.0,0.23072722892856187,0.0,0.3289312384572147
592,T1612,Defense Evasion,0.0,0.0,0.0,0.0,0.0,0.033451995396268835,0.0,0.0,0.0,0.0,0.0
593,T1613,Discovery,0.0,0.0,0.0,0.0,0.0,0.033451995396268835,0.0,0.0,0.0,0.0,0.0
594,T1614,Discovery,0.0,0.0,0.0,0.0,0.0,0.0,0.04130510425309815,0.0,0.23072722892856187,0.23137496319691658,0.3289312384572147
595,T1614.001,Discovery,0.0,0.0,0.0,0.0,0.0,0.0,0.0,0.0,0.23072722892856187,0.23137496319691658,0.3289312384572147
596,T1615,Discovery,0.0,0.0,0.0,0.0,0.0,0.0,0.0,0.0,0.0,0.0,0.3289312384572147
597,T1619,Discovery,0.0,0.0,0.0,0.0,0.0,0.0,0.04130510425309815,0.0,0.0,0.0,0.0
598,T1620,Defense Evasion,0.0,0.0,0.0,0.0,0.0,0.0,0.0,0.0,0.23072722892856187,0.23137496319691658,0.3289312384572147
599,T1621,Credential Access,0.0,0.012526431305371911,0.015138781081876823,0.020893445036267767,0.02279382243515966,0.0,0.04130510425309815,0.0,0.23072722892856187,0.23137496319691658,0.3289312384572147
600,T1622,"Defense Evasion, Discovery",0.0,0.0,0.0,0.0,0.0,0.0,0.0,0.0,0.23072722892856187,0.23137496319691658,0.3289312384572147
601,T1647,Defense Evasion,0.0,0.0,0.0,0.0,0.0,0.0,0.0,0.0,0.0,0.23137496319691658,0.0
602,T1648,Execution,0.0,0.0,0.015138781081876823,0.0,0.02279382243515966,0.0,0.04130510425309815,0.0,0.0,0.0,0.0
603,T1649,Credential Access,0.0,0.012526431305371911,0.0,0.0,0.0,0.0,0.0,0.0,0.23072722892856187,0.23137496319691658,0.3289312384572147
604,T1650,Resource Development,0.0007762104868713364,0.0,0.0,0.0,0.0,0.0,0.0,0.0,0.0,0.0,0.0
605,T1651,Execution,0.0,0.012526431305371911,0.0,0.0,0.0,0.0,0.04130510425309815,0.0,0.0,0.0,0.0
606,T1652,Discovery,0.0,0.0,0.0,0.0,0.0,0.0,0.0,0.0,0.23072722892856187,0.23137496319691658,0.3289312384572147
