technique_ID,Azure AD,Containers,Google Workspace,IaaS,Linux,Network,Office 365,PRE,SaaS,Windows,macOS
T1001,0,0,0,0,1,0,0,0,0,1,1
T1001.001,0,0,0,0,1,0,0,0,0,1,1
T1001.002,0,0,0,0,1,0,0,0,0,1,1
T1001.003,0,0,0,0,1,0,0,0,0,1,1
T1003,0,0,0,0,1,0,0,0,0,1,1
T1003.001,0,0,0,0,0,0,0,0,0,1,0
T1003.002,0,0,0,0,0,0,0,0,0,1,0
T1003.003,0,0,0,0,0,0,0,0,0,1,0
T1003.004,0,0,0,0,0,0,0,0,0,1,0
T1003.005,0,0,0,0,0,0,0,0,0,1,0
T1003.006,0,0,0,0,0,0,0,0,0,1,0
T1003.007,0,0,0,0,1,0,0,0,0,0,0
T1003.008,0,0,0,0,1,0,0,0,0,0,0
T1005,0,0,0,0,1,1,0,0,0,1,1
T1006,0,0,0,0,0,0,0,0,0,1,0
T1007,0,0,0,0,1,0,0,0,0,1,1
T1008,0,0,0,0,1,0,0,0,0,1,1
T1010,0,0,0,0,1,0,0,0,0,1,1
T1011,0,0,0,0,1,0,0,0,0,1,1
T1011.001,0,0,0,0,1,0,0,0,0,1,1
T1012,0,0,0,0,0,0,0,0,0,1,0
T1014,0,0,0,0,1,0,0,0,0,1,1
T1016,0,0,0,0,1,1,0,0,0,1,1
T1016.001,0,0,0,0,1,0,0,0,0,1,1
T1018,0,0,0,0,1,1,0,0,0,1,1
T1020,0,0,0,0,1,1,0,0,0,1,1
T1020.001,0,0,0,1,0,1,0,0,0,0,0
T1021,0,0,0,0,1,0,0,0,0,1,1
T1021.001,0,0,0,0,0,0,0,0,0,1,0
T1021.002,0,0,0,0,0,0,0,0,0,1,0
T1021.003,0,0,0,0,0,0,0,0,0,1,0
T1021.004,0,0,0,0,1,0,0,0,0,0,1
T1021.005,0,0,0,0,1,0,0,0,0,1,1
T1021.006,0,0,0,0,0,0,0,0,0,1,0
T1021.007,1,0,1,1,0,0,1,0,1,0,0
T1025,0,0,0,0,1,0,0,0,0,1,1
T1027,0,0,0,0,1,0,0,0,0,1,1
T1027.001,0,0,0,0,1,0,0,0,0,1,1
T1027.002,0,0,0,0,1,0,0,0,0,1,1
T1027.003,0,0,0,0,1,0,0,0,0,1,1
T1027.004,0,0,0,0,1,0,0,0,0,1,1
T1027.005,0,0,0,0,1,0,0,0,0,1,1
T1027.006,0,0,0,0,1,0,0,0,0,1,1
T1027.007,0,0,0,0,0,0,0,0,0,1,0
T1027.008,0,0,0,0,1,0,0,0,0,1,1
T1027.009,0,0,0,0,1,0,0,0,0,1,1
T1027.010,0,0,0,0,1,0,0,0,0,1,1
T1027.011,0,0,0,0,0,0,0,0,0,1,0
T1029,0,0,0,0,1,0,0,0,0,1,1
T1030,0,0,0,0,1,0,0,0,0,1,1
T1033,0,0,0,0,1,1,0,0,0,1,1
T1036,0,1,0,0,1,0,0,0,0,1,1
T1036.001,0,0,0,0,0,0,0,0,0,1,1
T1036.002,0,0,0,0,1,0,0,0,0,1,1
T1036.003,0,0,0,0,1,0,0,0,0,1,1
T1036.004,0,0,0,0,1,0,0,0,0,1,1
T1036.005,0,1,0,0,1,0,0,0,0,1,1
T1036.006,0,0,0,0,1,0,0,0,0,0,1
T1036.007,0,0,0,0,0,0,0,0,0,1,0
T1036.008,0,0,0,0,1,0,0,0,0,1,1
T1037,0,0,0,0,1,0,0,0,0,1,1
T1037.001,0,0,0,0,0,0,0,0,0,1,0
T1037.002,0,0,0,0,0,0,0,0,0,0,1
T1037.003,0,0,0,0,0,0,0,0,0,1,0
T1037.004,0,0,0,0,1,0,0,0,0,0,1
T1037.005,0,0,0,0,0,0,0,0,0,0,1
T1039,0,0,0,0,1,0,0,0,0,1,1
T1040,0,0,0,1,1,1,0,0,0,1,1
T1041,0,0,0,0,1,0,0,0,0,1,1
T1046,0,1,0,1,1,1,0,0,0,1,1
T1047,0,0,0,0,0,0,0,0,0,1,0
T1048,0,0,1,1,1,1,1,0,1,1,1
T1048.001,0,0,0,0,1,0,0,0,0,1,1
T1048.002,0,0,0,0,1,0,0,0,0,1,1
T1048.003,0,0,0,0,1,1,0,0,0,1,1
T1049,0,0,0,1,1,1,0,0,0,1,1
T1052,0,0,0,0,1,0,0,0,0,1,1
T1052.001,0,0,0,0,1,0,0,0,0,1,1
T1053,0,1,0,0,1,0,0,0,0,1,1
T1053.002,0,0,0,0,1,0,0,0,0,1,1
T1053.003,0,0,0,0,1,0,0,0,0,0,1
T1053.005,0,0,0,0,0,0,0,0,0,1,0
T1053.006,0,0,0,0,1,0,0,0,0,0,0
T1053.007,0,1,0,0,0,0,0,0,0,0,0
T1055,0,0,0,0,1,0,0,0,0,1,1
T1055.001,0,0,0,0,0,0,0,0,0,1,0
T1055.002,0,0,0,0,0,0,0,0,0,1,0
T1055.003,0,0,0,0,0,0,0,0,0,1,0
T1055.004,0,0,0,0,0,0,0,0,0,1,0
T1055.005,0,0,0,0,0,0,0,0,0,1,0
T1055.008,0,0,0,0,1,0,0,0,0,0,0
T1055.009,0,0,0,0,1,0,0,0,0,0,0
T1055.011,0,0,0,0,0,0,0,0,0,1,0
T1055.012,0,0,0,0,0,0,0,0,0,1,0
T1055.013,0,0,0,0,0,0,0,0,0,1,0
T1055.014,0,0,0,0,1,0,0,0,0,0,0
T1055.015,0,0,0,0,0,0,0,0,0,1,0
T1056,0,0,0,0,1,1,0,0,0,1,1
T1056.001,0,0,0,0,1,1,0,0,0,1,1
T1056.002,0,0,0,0,1,0,0,0,0,1,1
T1056.003,0,0,0,0,1,0,0,0,0,1,1
T1056.004,0,0,0,0,0,0,0,0,0,1,0
T1057,0,0,0,0,1,1,0,0,0,1,1
T1059,1,0,1,1,1,1,1,0,0,1,1
T1059.001,0,0,0,0,0,0,0,0,0,1,0
T1059.002,0,0,0,0,0,0,0,0,0,0,1
T1059.003,0,0,0,0,0,0,0,0,0,1,0
T1059.004,0,0,0,0,1,0,0,0,0,0,1
T1059.005,0,0,0,0,1,0,0,0,0,1,1
T1059.006,0,0,0,0,1,0,0,0,0,1,1
T1059.007,0,0,0,0,1,0,0,0,0,1,1
T1059.008,0,0,0,0,0,1,0,0,0,0,0
T1059.009,1,0,1,1,0,0,1,0,1,0,0
T1068,0,1,0,0,1,0,0,0,0,1,1
T1069,1,1,1,1,1,0,1,0,1,1,1
T1069.001,0,0,0,0,1,0,0,0,0,1,1
T1069.002,0,0,0,0,1,0,0,0,0,1,1
T1069.003,1,0,1,1,0,0,1,0,1,0,0
T1070,0,1,1,0,1,1,1,0,0,1,1
T1070.001,0,0,0,0,0,0,0,0,0,1,0
T1070.002,0,0,0,0,1,0,0,0,0,0,1
T1070.003,0,0,0,0,1,1,0,0,0,1,1
T1070.004,0,0,0,0,1,0,0,0,0,1,1
T1070.005,0,0,0,0,0,0,0,0,0,1,0
T1070.006,0,0,0,0,1,0,0,0,0,1,1
T1070.007,0,0,0,0,1,1,0,0,0,1,1
T1070.008,0,0,1,0,1,0,1,0,0,1,1
T1070.009,0,0,0,0,1,0,0,0,0,1,1
T1071,0,0,0,0,1,0,0,0,0,1,1
T1071.001,0,0,0,0,1,0,0,0,0,1,1
T1071.002,0,0,0,0,1,0,0,0,0,1,1
T1071.003,0,0,0,0,1,0,0,0,0,1,1
T1071.004,0,0,0,0,1,0,0,0,0,1,1
T1072,0,0,0,0,1,0,0,0,0,1,1
T1074,0,0,0,1,1,0,0,0,0,1,1
T1074.001,0,0,0,0,1,0,0,0,0,1,1
T1074.002,0,0,0,1,1,0,0,0,0,1,1
T1078,1,1,1,1,1,1,1,0,1,1,1
T1078.001,1,1,1,1,1,0,1,0,1,1,1
T1078.002,0,0,0,0,1,0,0,0,0,1,1
T1078.003,0,1,0,0,1,0,0,0,0,1,1
T1078.004,1,0,1,1,0,0,1,0,1,0,0
T1080,0,0,0,0,1,0,1,0,1,1,1
T1082,0,0,0,1,1,1,0,0,0,1,1
T1083,0,0,0,0,1,1,0,0,0,1,1
T1087,1,0,1,1,1,0,1,0,1,1,1
T1087.001,0,0,0,0,1,0,0,0,0,1,1
T1087.002,0,0,0,0,1,0,0,0,0,1,1
T1087.003,0,0,1,0,0,0,1,0,0,1,0
T1087.004,1,0,1,1,0,0,1,0,1,0,0
T1090,0,0,0,0,1,1,0,0,0,1,1
T1090.001,0,0,0,0,1,0,0,0,0,1,1
T1090.002,0,0,0,0,1,0,0,0,0,1,1
T1090.003,0,0,0,0,1,1,0,0,0,1,1
T1090.004,0,0,0,0,1,0,0,0,0,1,1
T1091,0,0,0,0,0,0,0,0,0,1,0
T1092,0,0,0,0,1,0,0,0,0,1,1
T1095,0,0,0,0,1,1,0,0,0,1,1
T1098,1,0,1,1,1,1,1,0,1,1,1
T1098.001,1,0,0,1,0,0,0,0,1,0,0
T1098.002,0,0,1,0,0,0,1,0,0,1,0
T1098.003,1,0,1,1,0,0,1,0,1,0,0
T1098.004,0,0,0,1,1,1,0,0,0,0,1
T1098.005,1,0,0,0,0,0,0,0,1,1,0
T1102,0,0,0,0,1,0,0,0,0,1,1
T1102.001,0,0,0,0,1,0,0,0,0,1,1
T1102.002,0,0,0,0,1,0,0,0,0,1,1
T1102.003,0,0,0,0,1,0,0,0,0,1,1
T1104,0,0,0,0,1,0,0,0,0,1,1
T1105,0,0,0,0,1,0,0,0,0,1,1
T1106,0,0,0,0,1,0,0,0,0,1,1
T1110,1,1,1,1,1,1,1,0,1,1,1
T1110.001,1,1,1,1,1,1,1,0,1,1,1
T1110.002,1,0,0,0,1,1,1,0,0,1,1
T1110.003,1,1,1,1,1,0,1,0,1,1,1
T1110.004,1,1,1,1,1,0,1,0,1,1,1
T1111,0,0,0,0,1,0,0,0,0,1,1
T1112,0,0,0,0,0,0,0,0,0,1,0
T1113,0,0,0,0,1,0,0,0,0,1,1
T1114,0,0,1,0,1,0,1,0,0,1,1
T1114.001,0,0,0,0,0,0,0,0,0,1,0
T1114.002,0,0,1,0,0,0,1,0,0,1,0
T1114.003,0,0,1,0,1,0,1,0,0,1,1
T1115,0,0,0,0,1,0,0,0,0,1,1
T1119,0,0,0,1,1,0,0,0,1,1,1
T1120,0,0,0,0,1,0,0,0,0,1,1
T1123,0,0,0,0,1,0,0,0,0,1,1
T1124,0,0,0,0,0,1,0,0,0,1,0
T1125,0,0,0,0,1,0,0,0,0,1,1
T1127,0,0,0,0,0,0,0,0,0,1,0
T1127.001,0,0,0,0,0,0,0,0,0,1,0
T1129,0,0,0,0,0,0,0,0,0,1,0
T1132,0,0,0,0,1,0,0,0,0,1,1
T1132.001,0,0,0,0,1,0,0,0,0,1,1
T1132.002,0,0,0,0,1,0,0,0,0,1,1
T1133,0,1,0,0,1,0,0,0,0,1,1
T1134,0,0,0,0,0,0,0,0,0,1,0
T1134.001,0,0,0,0,0,0,0,0,0,1,0
T1134.002,0,0,0,0,0,0,0,0,0,1,0
T1134.003,0,0,0,0,0,0,0,0,0,1,0
T1134.004,0,0,0,0,0,0,0,0,0,1,0
T1134.005,0,0,0,0,0,0,0,0,0,1,0
T1135,0,0,0,0,1,0,0,0,0,1,1
T1136,1,0,1,1,1,1,1,0,0,1,1
T1136.001,0,0,0,0,1,1,0,0,0,1,1
T1136.002,0,0,0,0,1,0,0,0,0,1,1
T1136.003,1,0,1,1,0,0,1,0,1,0,0
T1137,0,0,0,0,0,0,1,0,0,1,0
T1137.001,0,0,0,0,0,0,1,0,0,1,0
T1137.002,0,0,0,0,0,0,1,0,0,1,0
T1137.003,0,0,0,0,0,0,1,0,0,1,0
T1137.004,0,0,0,0,0,0,1,0,0,1,0
T1137.005,0,0,0,0,0,0,1,0,0,1,0
T1137.006,0,0,0,0,0,0,1,0,0,1,0
T1140,0,0,0,0,1,0,0,0,0,1,1
T1176,0,0,0,0,1,0,0,0,0,1,1
T1185,0,0,0,0,0,0,0,0,0,1,0
T1187,0,0,0,0,0,0,0,0,0,1,0
T1189,0,0,0,0,1,0,0,0,1,1,1
T1190,0,1,0,1,1,1,0,0,0,1,1
T1195,0,0,0,0,1,0,0,0,0,1,1
T1195.001,0,0,0,0,1,0,0,0,0,1,1
T1195.002,0,0,0,0,1,0,0,0,0,1,1
T1195.003,0,0,0,0,1,0,0,0,0,1,1
T1197,0,0,0,0,0,0,0,0,0,1,0
T1199,0,0,0,1,1,0,1,0,1,1,1
T1200,0,0,0,0,1,0,0,0,0,1,1
T1201,0,0,0,1,1,1,0,0,0,1,1
T1202,0,0,0,0,0,0,0,0,0,1,0
T1203,0,0,0,0,1,0,0,0,0,1,1
T1204,0,1,0,1,1,0,0,0,0,1,1
T1204.001,0,0,0,0,1,0,0,0,0,1,1
T1204.002,0,0,0,0,1,0,0,0,0,1,1
T1204.003,0,1,0,1,0,0,0,0,0,0,0
T1205,0,0,0,0,1,1,0,0,0,1,1
T1205.001,0,0,0,0,1,1,0,0,0,1,1
T1205.002,0,0,0,0,1,0,0,0,0,1,1
T1207,0,0,0,0,0,0,0,0,0,1,0
T1210,0,0,0,0,1,0,0,0,0,1,1
T1211,0,0,0,0,1,0,0,0,0,1,1
T1212,0,0,0,0,1,0,0,0,0,1,1
T1213,0,0,1,1,1,0,1,0,1,1,1
T1213.001,0,0,0,0,0,0,0,0,1,0,0
T1213.002,0,0,0,0,0,0,1,0,0,1,0
T1213.003,0,0,0,0,0,0,0,0,1,0,0
T1216,0,0,0,0,0,0,0,0,0,1,0
T1216.001,0,0,0,0,0,0,0,0,0,1,0
T1217,0,0,0,0,1,0,0,0,0,1,1
T1218,0,0,0,0,1,0,0,0,0,1,1
T1218.001,0,0,0,0,0,0,0,0,0,1,0
T1218.002,0,0,0,0,0,0,0,0,0,1,0
T1218.003,0,0,0,0,0,0,0,0,0,1,0
T1218.004,0,0,0,0,0,0,0,0,0,1,0
T1218.005,0,0,0,0,0,0,0,0,0,1,0
T1218.007,0,0,0,0,0,0,0,0,0,1,0
T1218.008,0,0,0,0,0,0,0,0,0,1,0
T1218.009,0,0,0,0,0,0,0,0,0,1,0
T1218.010,0,0,0,0,0,0,0,0,0,1,0
T1218.011,0,0,0,0,0,0,0,0,0,1,0
T1218.012,0,0,0,0,0,0,0,0,0,1,0
T1218.013,0,0,0,0,0,0,0,0,0,1,0
T1218.014,0,0,0,0,0,0,0,0,0,1,0
T1219,0,0,0,0,1,0,0,0,0,1,1
T1220,0,0,0,0,0,0,0,0,0,1,0
T1221,0,0,0,0,0,0,0,0,0,1,0
T1222,0,0,0,0,1,0,0,0,0,1,1
T1222.001,0,0,0,0,0,0,0,0,0,1,0
T1222.002,0,0,0,0,1,0,0,0,0,0,1
T1480,0,0,0,0,1,0,0,0,0,1,1
T1480.001,0,0,0,0,1,0,0,0,0,1,1
T1482,0,0,0,0,0,0,0,0,0,1,0
T1484,1,0,0,0,0,0,0,0,0,1,0
T1484.001,0,0,0,0,0,0,0,0,0,1,0
T1484.002,1,0,0,0,0,0,0,0,0,1,0
T1485,0,0,0,1,1,0,0,0,0,1,1
T1486,0,0,0,1,1,0,0,0,0,1,1
T1489,0,0,0,0,1,0,0,0,0,1,1
T1490,0,0,0,1,1,1,0,0,0,1,1
T1491,0,0,0,1,1,0,0,0,0,1,1
T1491.001,0,0,0,0,1,0,0,0,0,1,1
T1491.002,0,0,0,1,1,0,0,0,0,1,1
T1495,0,0,0,0,1,1,0,0,0,1,1
T1496,0,1,0,1,1,0,0,0,0,1,1
T1497,0,0,0,0,1,0,0,0,0,1,1
T1497.001,0,0,0,0,1,0,0,0,0,1,1
T1497.002,0,0,0,0,1,0,0,0,0,1,1
T1497.003,0,0,0,0,1,0,0,0,0,1,1
T1498,1,1,1,1,1,0,1,0,1,1,1
T1498.001,1,0,1,1,1,0,1,0,1,1,1
T1498.002,1,0,1,1,1,0,1,0,1,1,1
T1499,1,1,1,1,1,0,1,0,1,1,1
T1499.001,0,0,0,0,1,0,0,0,0,1,1
T1499.002,1,0,1,1,1,0,1,0,1,1,1
T1499.003,1,0,1,1,1,0,1,0,1,1,1
T1499.004,1,0,1,1,1,0,1,0,1,1,1
T1505,0,0,0,0,1,1,0,0,0,1,1
T1505.001,0,0,0,0,1,0,0,0,0,1,0
T1505.002,0,0,0,0,1,0,0,0,0,1,0
T1505.003,0,0,0,0,1,1,0,0,0,1,1
T1505.004,0,0,0,0,0,0,0,0,0,1,0
T1505.005,0,0,0,0,0,0,0,0,0,1,0
T1518,1,0,1,1,1,0,1,0,1,1,1
T1518.001,1,0,1,1,1,0,1,0,1,1,1
T1525,0,1,0,1,0,0,0,0,0,0,0
T1526,1,0,1,1,0,0,1,0,1,0,0
T1528,1,1,1,0,0,0,1,0,1,0,0
T1529,0,0,0,0,1,1,0,0,0,1,1
T1530,0,0,0,1,0,0,0,0,1,0,0
T1531,0,0,0,0,1,0,1,0,1,1,1
T1534,0,0,1,0,1,0,1,0,1,1,1
T1535,0,0,0,1,0,0,0,0,0,0,0
T1537,0,0,0,1,0,0,0,0,0,0,0
T1538,1,0,1,1,0,0,1,0,0,0,0
T1539,0,0,1,0,1,0,1,0,1,1,1
T1542,0,0,0,0,1,1,0,0,0,1,1
T1542.001,0,0,0,0,0,0,0,0,0,1,0
T1542.002,0,0,0,0,1,0,0,0,0,1,1
T1542.003,0,0,0,0,1,0,0,0,0,1,0
T1542.004,0,0,0,0,0,1,0,0,0,0,0
T1542.005,0,0,0,0,0,1,0,0,0,0,0
T1543,0,0,0,0,1,0,0,0,0,1,1
T1543.001,0,0,0,0,0,0,0,0,0,0,1
T1543.002,0,0,0,0,1,0,0,0,0,0,0
T1543.003,0,0,0,0,0,0,0,0,0,1,0
T1543.004,0,0,0,0,0,0,0,0,0,0,1
T1546,0,0,0,1,1,0,1,0,1,1,1
T1546.001,0,0,0,0,0,0,0,0,0,1,0
T1546.002,0,0,0,0,0,0,0,0,0,1,0
T1546.003,0,0,0,0,0,0,0,0,0,1,0
T1546.004,0,0,0,0,1,0,0,0,0,0,1
T1546.005,0,0,0,0,1,0,0,0,0,0,1
T1546.006,0,0,0,0,0,0,0,0,0,0,1
T1546.007,0,0,0,0,0,0,0,0,0,1,0
T1546.008,0,0,0,0,0,0,0,0,0,1,0
T1546.009,0,0,0,0,0,0,0,0,0,1,0
T1546.010,0,0,0,0,0,0,0,0,0,1,0
T1546.011,0,0,0,0,0,0,0,0,0,1,0
T1546.012,0,0,0,0,0,0,0,0,0,1,0
T1546.013,0,0,0,0,0,0,0,0,0,1,0
T1546.014,0,0,0,0,0,0,0,0,0,0,1
T1546.015,0,0,0,0,0,0,0,0,0,1,0
T1546.016,0,0,0,0,1,0,0,0,0,1,1
T1547,0,0,0,0,1,0,0,0,0,1,1
T1547.001,0,0,0,0,0,0,0,0,0,1,0
T1547.002,0,0,0,0,0,0,0,0,0,1,0
T1547.003,0,0,0,0,0,0,0,0,0,1,0
T1547.004,0,0,0,0,0,0,0,0,0,1,0
T1547.005,0,0,0,0,0,0,0,0,0,1,0
T1547.006,0,0,0,0,1,0,0,0,0,0,1
T1547.007,0,0,0,0,0,0,0,0,0,0,1
T1547.008,0,0,0,0,0,0,0,0,0,1,0
T1547.009,0,0,0,0,0,0,0,0,0,1,0
T1547.010,0,0,0,0,0,0,0,0,0,1,0
T1547.012,0,0,0,0,0,0,0,0,0,1,0
T1547.013,0,0,0,0,1,0,0,0,0,0,0
T1547.014,0,0,0,0,0,0,0,0,0,1,0
T1547.015,0,0,0,0,0,0,0,0,0,0,1
T1548,0,0,0,0,1,0,0,0,0,1,1
T1548.001,0,0,0,0,1,0,0,0,0,0,1
T1548.002,0,0,0,0,0,0,0,0,0,1,0
T1548.003,0,0,0,0,1,0,0,0,0,0,1
T1548.004,0,0,0,0,0,0,0,0,0,0,1
T1550,0,1,1,1,0,0,1,0,1,1,0
T1550.001,1,1,1,1,0,0,1,0,1,0,0
T1550.002,0,0,0,0,0,0,0,0,0,1,0
T1550.003,0,0,0,0,0,0,0,0,0,1,0
T1550.004,0,0,1,1,0,0,1,0,1,0,0
T1552,1,1,1,1,1,1,1,0,1,1,1
T1552.001,0,1,0,1,1,0,0,0,0,1,1
T1552.002,0,0,0,0,0,0,0,0,0,1,0
T1552.003,0,0,0,0,1,0,0,0,0,0,1
T1552.004,0,0,0,0,1,1,0,0,0,1,1
T1552.005,0,0,0,1,0,0,0,0,0,0,0
T1552.006,0,0,0,0,0,0,0,0,0,1,0
T1552.007,0,1,0,0,0,0,0,0,0,0,0
T1552.008,0,0,1,0,0,0,1,0,1,0,0
T1553,0,0,0,0,1,0,0,0,0,1,1
T1553.001,0,0,0,0,0,0,0,0,0,0,1
T1553.002,0,0,0,0,0,0,0,0,0,1,1
T1553.003,0,0,0,0,0,0,0,0,0,1,0
T1553.004,0,0,0,0,1,0,0,0,0,1,1
T1553.005,0,0,0,0,0,0,0,0,0,1,0
T1553.006,0,0,0,0,0,0,0,0,0,1,1
T1554,0,0,0,0,1,0,0,0,0,1,1
T1555,0,0,0,0,1,0,0,0,0,1,1
T1555.001,0,0,0,0,0,0,0,0,0,0,1
T1555.002,0,0,0,0,1,0,0,0,0,0,1
T1555.003,0,0,0,0,1,0,0,0,0,1,1
T1555.004,0,0,0,0,0,0,0,0,0,1,0
T1555.005,0,0,0,0,1,0,0,0,0,1,1
T1556,1,0,1,1,1,1,1,0,1,1,1
T1556.001,0,0,0,0,0,0,0,0,0,1,0
T1556.002,0,0,0,0,0,0,0,0,0,1,0
T1556.003,0,0,0,0,1,0,0,0,0,0,1
T1556.004,0,0,0,0,0,1,0,0,0,0,0
T1556.005,0,0,0,0,0,0,0,0,0,1,0
T1556.006,1,0,1,1,1,0,1,0,1,1,1
T1556.007,1,0,1,1,0,0,1,0,1,1,0
T1556.008,0,0,0,0,0,0,0,0,0,1,0
T1557,0,0,0,0,1,1,0,0,0,1,1
T1557.001,0,0,0,0,0,0,0,0,0,1,0
T1557.002,0,0,0,0,1,0,0,0,0,1,1
T1557.003,0,0,0,0,1,0,0,0,0,1,1
T1558,0,0,0,0,1,0,0,0,0,1,1
T1558.001,0,0,0,0,0,0,0,0,0,1,0
T1558.002,0,0,0,0,0,0,0,0,0,1,0
T1558.003,0,0,0,0,0,0,0,0,0,1,0
T1558.004,0,0,0,0,0,0,0,0,0,1,0
T1559,0,0,0,0,1,0,0,0,0,1,1
T1559.001,0,0,0,0,0,0,0,0,0,1,0
T1559.002,0,0,0,0,0,0,0,0,0,1,0
T1559.003,0,0,0,0,0,0,0,0,0,0,1
T1560,0,0,0,0,1,0,0,0,0,1,1
T1560.001,0,0,0,0,1,0,0,0,0,1,1
T1560.002,0,0,0,0,1,0,0,0,0,1,1
T1560.003,0,0,0,0,1,0,0,0,0,1,1
T1561,0,0,0,0,1,1,0,0,0,1,1
T1561.001,0,0,0,0,1,0,0,0,0,1,1
T1561.002,0,0,0,0,1,1,0,0,0,1,1
T1562,0,1,0,1,1,1,1,0,0,1,1
T1562.001,0,1,0,1,1,0,0,0,0,1,1
T1562.002,0,0,0,0,0,0,0,0,0,1,0
T1562.003,0,0,0,0,1,1,0,0,0,1,1
T1562.004,0,0,0,0,1,0,0,0,0,1,1
T1562.006,0,0,0,0,1,0,0,0,0,1,1
T1562.007,0,0,0,1,0,0,0,0,0,0,0
T1562.008,1,0,1,1,0,0,1,0,1,0,0
T1562.009,0,0,0,0,0,0,0,0,0,1,0
T1562.010,0,0,0,0,1,0,0,0,0,1,1
T1562.011,0,0,0,0,1,0,0,0,0,1,1
T1563,0,0,0,0,1,0,0,0,0,1,1
T1563.001,0,0,0,0,1,0,0,0,0,0,1
T1563.002,0,0,0,0,0,0,0,0,0,1,0
T1564,0,0,0,0,1,0,1,0,0,1,1
T1564.001,0,0,0,0,1,0,0,0,0,1,1
T1564.002,0,0,0,0,1,0,0,0,0,1,1
T1564.003,0,0,0,0,1,0,0,0,0,1,1
T1564.004,0,0,0,0,0,0,0,0,0,1,0
T1564.005,0,0,0,0,1,0,0,0,0,1,1
T1564.006,0,0,0,0,1,0,0,0,0,1,1
T1564.007,0,0,0,0,1,0,0,0,0,1,1
T1564.008,0,0,1,0,1,0,1,0,0,1,1
T1564.009,0,0,0,0,0,0,0,0,0,0,1
T1564.010,0,0,0,0,0,0,0,0,0,1,0
T1565,0,0,0,0,1,0,0,0,0,1,1
T1565.001,0,0,0,0,1,0,0,0,0,1,1
T1565.002,0,0,0,0,1,0,0,0,0,1,1
T1565.003,0,0,0,0,1,0,0,0,0,1,1
T1566,0,0,1,0,1,0,1,0,1,1,1
T1566.001,0,0,0,0,1,0,0,0,0,1,1
T1566.002,0,0,1,0,1,0,1,0,1,1,1
T1566.003,0,0,0,0,1,0,0,0,0,1,1
T1567,0,0,0,0,1,0,0,0,0,1,1
T1567.001,0,0,0,0,1,0,0,0,0,1,1
T1567.002,0,0,0,0,1,0,0,0,0,1,1
T1567.003,0,0,0,0,1,0,0,0,0,1,1
T1568,0,0,0,0,1,0,0,0,0,1,1
T1568.001,0,0,0,0,1,0,0,0,0,1,1
T1568.002,0,0,0,0,1,0,0,0,0,1,1
T1568.003,0,0,0,0,1,0,0,0,0,1,1
T1569,0,0,0,0,1,0,0,0,0,1,1
T1569.001,0,0,0,0,0,0,0,0,0,0,1
T1569.002,0,0,0,0,0,0,0,0,0,1,0
T1570,0,0,0,0,1,0,0,0,0,1,1
T1571,0,0,0,0,1,0,0,0,0,1,1
T1572,0,0,0,0,1,0,0,0,0,1,1
T1573,0,0,0,0,1,0,0,0,0,1,1
T1573.001,0,0,0,0,1,0,0,0,0,1,1
T1573.002,0,0,0,0,1,0,0,0,0,1,1
T1574,0,0,0,0,1,0,0,0,0,1,1
T1574.001,0,0,0,0,0,0,0,0,0,1,0
T1574.002,0,0,0,0,0,0,0,0,0,1,0
T1574.004,0,0,0,0,0,0,0,0,0,0,1
T1574.005,0,0,0,0,0,0,0,0,0,1,0
T1574.006,0,0,0,0,1,0,0,0,0,0,1
T1574.007,0,0,0,0,0,0,0,0,0,1,0
T1574.008,0,0,0,0,0,0,0,0,0,1,0
T1574.009,0,0,0,0,0,0,0,0,0,1,0
T1574.010,0,0,0,0,0,0,0,0,0,1,0
T1574.011,0,0,0,0,0,0,0,0,0,1,0
T1574.012,0,0,0,0,0,0,0,0,0,1,0
T1574.013,0,0,0,0,0,0,0,0,0,1,0
T1578,0,0,0,1,0,0,0,0,0,0,0
T1578.001,0,0,0,1,0,0,0,0,0,0,0
T1578.002,0,0,0,1,0,0,0,0,0,0,0
T1578.003,0,0,0,1,0,0,0,0,0,0,0
T1578.004,0,0,0,1,0,0,0,0,0,0,0
T1580,0,0,0,1,0,0,0,0,0,0,0
T1583,0,0,0,0,0,0,0,1,0,0,0
T1583.001,0,0,0,0,0,0,0,1,0,0,0
T1583.002,0,0,0,0,0,0,0,1,0,0,0
T1583.003,0,0,0,0,0,0,0,1,0,0,0
T1583.004,0,0,0,0,0,0,0,1,0,0,0
T1583.005,0,0,0,0,0,0,0,1,0,0,0
T1583.006,0,0,0,0,0,0,0,1,0,0,0
T1583.007,0,0,0,0,0,0,0,1,0,0,0
T1583.008,0,0,0,0,0,0,0,1,0,0,0
T1584,0,0,0,0,0,0,0,1,0,0,0
T1584.001,0,0,0,0,0,0,0,1,0,0,0
T1584.002,0,0,0,0,0,0,0,1,0,0,0
T1584.003,0,0,0,0,0,0,0,1,0,0,0
T1584.004,0,0,0,0,0,0,0,1,0,0,0
T1584.005,0,0,0,0,0,0,0,1,0,0,0
T1584.006,0,0,0,0,0,0,0,1,0,0,0
T1584.007,0,0,0,0,0,0,0,1,0,0,0
T1585,0,0,0,0,0,0,0,1,0,0,0
T1585.001,0,0,0,0,0,0,0,1,0,0,0
T1585.002,0,0,0,0,0,0,0,1,0,0,0
T1585.003,0,0,0,0,0,0,0,1,0,0,0
T1586,0,0,0,0,0,0,0,1,0,0,0
T1586.001,0,0,0,0,0,0,0,1,0,0,0
T1586.002,0,0,0,0,0,0,0,1,0,0,0
T1586.003,0,0,0,0,0,0,0,1,0,0,0
T1587,0,0,0,0,0,0,0,1,0,0,0
T1587.001,0,0,0,0,0,0,0,1,0,0,0
T1587.002,0,0,0,0,0,0,0,1,0,0,0
T1587.003,0,0,0,0,0,0,0,1,0,0,0
T1587.004,0,0,0,0,0,0,0,1,0,0,0
T1588,0,0,0,0,0,0,0,1,0,0,0
T1588.001,0,0,0,0,0,0,0,1,0,0,0
T1588.002,0,0,0,0,0,0,0,1,0,0,0
T1588.003,0,0,0,0,0,0,0,1,0,0,0
T1588.004,0,0,0,0,0,0,0,1,0,0,0
T1588.005,0,0,0,0,0,0,0,1,0,0,0
T1588.006,0,0,0,0,0,0,0,1,0,0,0
T1589,0,0,0,0,0,0,0,1,0,0,0
T1589.001,0,0,0,0,0,0,0,1,0,0,0
T1589.002,0,0,0,0,0,0,0,1,0,0,0
T1589.003,0,0,0,0,0,0,0,1,0,0,0
T1590,0,0,0,0,0,0,0,1,0,0,0
T1590.001,0,0,0,0,0,0,0,1,0,0,0
T1590.002,0,0,0,0,0,0,0,1,0,0,0
T1590.003,0,0,0,0,0,0,0,1,0,0,0
T1590.004,0,0,0,0,0,0,0,1,0,0,0
T1590.005,0,0,0,0,0,0,0,1,0,0,0
T1590.006,0,0,0,0,0,0,0,1,0,0,0
T1591,0,0,0,0,0,0,0,1,0,0,0
T1591.001,0,0,0,0,0,0,0,1,0,0,0
T1591.002,0,0,0,0,0,0,0,1,0,0,0
T1591.003,0,0,0,0,0,0,0,1,0,0,0
T1591.004,0,0,0,0,0,0,0,1,0,0,0
T1592,0,0,0,0,0,0,0,1,0,0,0
T1592.001,0,0,0,0,0,0,0,1,0,0,0
T1592.002,0,0,0,0,0,0,0,1,0,0,0
T1592.003,0,0,0,0,0,0,0,1,0,0,0
T1592.004,0,0,0,0,0,0,0,1,0,0,0
T1593,0,0,0,0,0,0,0,1,0,0,0
T1593.001,0,0,0,0,0,0,0,1,0,0,0
T1593.002,0,0,0,0,0,0,0,1,0,0,0
T1593.003,0,0,0,0,0,0,0,1,0,0,0
T1594,0,0,0,0,0,0,0,1,0,0,0
T1595,0,0,0,0,0,0,0,1,0,0,0
T1595.001,0,0,0,0,0,0,0,1,0,0,0
T1595.002,0,0,0,0,0,0,0,1,0,0,0
T1595.003,0,0,0,0,0,0,0,1,0,0,0
T1596,0,0,0,0,0,0,0,1,0,0,0
T1596.001,0,0,0,0,0,0,0,1,0,0,0
T1596.002,0,0,0,0,0,0,0,1,0,0,0
T1596.003,0,0,0,0,0,0,0,1,0,0,0
T1596.004,0,0,0,0,0,0,0,1,0,0,0
T1596.005,0,0,0,0,0,0,0,1,0,0,0
T1597,0,0,0,0,0,0,0,1,0,0,0
T1597.001,0,0,0,0,0,0,0,1,0,0,0
T1597.002,0,0,0,0,0,0,0,1,0,0,0
T1598,0,0,0,0,0,0,0,1,0,0,0
T1598.001,0,0,0,0,0,0,0,1,0,0,0
T1598.002,0,0,0,0,0,0,0,1,0,0,0
T1598.003,0,0,0,0,0,0,0,1,0,0,0
T1599,0,0,0,0,0,1,0,0,0,0,0
T1599.001,0,0,0,0,0,1,0,0,0,0,0
T1600,0,0,0,0,0,1,0,0,0,0,0
T1600.001,0,0,0,0,0,1,0,0,0,0,0
T1600.002,0,0,0,0,0,1,0,0,0,0,0
T1601,0,0,0,0,0,1,0,0,0,0,0
T1601.001,0,0,0,0,0,1,0,0,0,0,0
T1601.002,0,0,0,0,0,1,0,0,0,0,0
T1602,0,0,0,0,0,1,0,0,0,0,0
T1602.001,0,0,0,0,0,1,0,0,0,0,0
T1602.002,0,0,0,0,0,1,0,0,0,0,0
T1606,1,0,1,1,1,0,1,0,1,1,1
T1606.001,0,0,0,1,1,0,0,0,1,1,1
T1606.002,1,0,1,1,0,0,1,0,1,1,0
T1608,0,0,0,0,0,0,0,1,0,0,0
T1608.001,0,0,0,0,0,0,0,1,0,0,0
T1608.002,0,0,0,0,0,0,0,1,0,0,0
T1608.003,0,0,0,0,0,0,0,1,0,0,0
T1608.004,0,0,0,0,0,0,0,1,0,0,0
T1608.005,0,0,0,0,0,0,0,1,0,0,0
T1608.006,0,0,0,0,0,0,0,1,0,0,0
T1609,0,1,0,0,0,0,0,0,0,0,0
T1610,0,1,0,0,0,0,0,0,0,0,0
T1611,0,1,0,0,1,0,0,0,0,1,0
T1612,0,1,0,0,0,0,0,0,0,0,0
T1613,0,1,0,0,0,0,0,0,0,0,0
T1614,0,0,0,1,1,0,0,0,0,1,1
T1614.001,0,0,0,0,1,0,0,0,0,1,1
T1615,0,0,0,0,0,0,0,0,0,1,0
T1619,0,0,0,1,0,0,0,0,0,0,0
T1620,0,0,0,0,1,0,0,0,0,1,1
T1621,1,0,1,1,1,0,1,0,1,1,1
T1622,0,0,0,0,1,0,0,0,0,1,1
T1647,0,0,0,0,0,0,0,0,0,0,1
T1648,0,0,0,1,0,0,1,0,1,0,0
T1649,1,0,0,0,1,0,0,0,0,1,1
T1650,0,0,0,0,0,0,0,1,0,0,0
T1651,1,0,0,1,0,0,0,0,0,0,0
T1652,0,0,0,0,1,0,0,0,0,1,1
